date,violation_type,severity,course,reported_by,investigation_duration,appealed
2025-01-01,Cheating,Moderate,MATH101,Administrator,17,False
2025-01-01,Cheating,Major,CS101,Instructor,12,True
2025-01-01,Plagiarism,Moderate,CS201,Instructor,7,False
2025-01-01,Cheating,Moderate,PHYS101,TA,13,True
2025-01-01,Plagiarism,Moderate,CS201,Instructor,8,False
2025-01-01,Fabrication,Moderate,CS201,TA,13,False
2025-01-01,Unauthorized AI Use,Major,CS201,Administrator,11,True
2025-01-02,Plagiarism,Moderate,PHYS101,TA,13,False
2025-01-02,Cheating,Minor,MATH101,Administrator,18,False
2025-01-02,Plagiarism,Major,ENG101,Administrator,21,False
2025-01-02,Cheating,Minor,CS201,Peer,13,False
2025-01-02,Plagiarism,Moderate,ENG101,Instructor,12,False
2025-01-02,Unauthorized AI Use,Major,ENG101,TA,12,False
2025-01-02,Fabrication,Minor,CS101,Instructor,18,False
2025-01-02,Facilitation,Minor,PHYS101,Peer,10,False
2025-01-02,Cheating,Major,PHYS101,TA,17,False
2025-01-02,Facilitation,Minor,PHYS101,Instructor,17,False
2025-01-03,Facilitation,Minor,CS101,Administrator,13,False
2025-01-03,Facilitation,Moderate,CS201,Instructor,13,False
2025-01-03,Facilitation,Moderate,ENG101,Peer,13,False
2025-01-03,Unauthorized AI Use,Minor,ENG101,TA,16,False
2025-01-03,Plagiarism,Moderate,CS201,TA,12,False
2025-01-03,Plagiarism,Moderate,CS201,Administrator,19,False
2025-01-04,Unauthorized AI Use,Moderate,ENG101,Peer,13,False
2025-01-04,Fabrication,Moderate,CS101,TA,14,False
2025-01-04,Plagiarism,Moderate,ENG101,TA,19,False
2025-01-04,Unauthorized AI Use,Moderate,CS201,TA,21,False
2025-01-04,Plagiarism,Major,CS201,TA,11,False
2025-01-04,Plagiarism,Minor,MATH101,Administrator,16,False
2025-01-04,Unauthorized AI Use,Minor,CS201,TA,17,False
2025-01-05,Unauthorized AI Use,Major,ENG101,Peer,13,True
2025-01-05,Facilitation,Major,PHYS101,Peer,20,False
2025-01-05,Cheating,Moderate,PHYS101,Administrator,17,False
2025-01-05,Unauthorized AI Use,Moderate,CS101,Peer,11,False
2025-01-05,Unauthorized AI Use,Minor,MATH101,Peer,21,False
2025-01-05,Fabrication,Moderate,CS101,Administrator,15,False
2025-01-06,Plagiarism,Moderate,PHYS101,Administrator,15,False
2025-01-06,Plagiarism,Minor,PHYS101,Administrator,14,False
2025-01-06,Cheating,Major,ENG101,Peer,18,False
2025-01-06,Fabrication,Minor,PHYS101,TA,14,False
2025-01-06,Plagiarism,Major,CS201,Instructor,20,True
2025-01-06,Unauthorized AI Use,Moderate,CS201,Administrator,17,False
2025-01-07,Fabrication,Major,CS101,Instructor,23,False
2025-01-07,Unauthorized AI Use,Major,CS201,Peer,18,True
2025-01-07,Unauthorized AI Use,Major,PHYS101,Administrator,17,True
2025-01-07,Plagiarism,Moderate,CS101,Administrator,11,True
2025-01-08,Cheating,Moderate,MATH101,Instructor,19,False
2025-01-08,Unauthorized AI Use,Moderate,MATH101,Administrator,15,False
2025-01-08,Fabrication,Major,CS201,TA,16,False
2025-01-08,Fabrication,Major,CS101,Peer,19,False
2025-01-08,Facilitation,Minor,ENG101,TA,16,False
2025-01-08,Cheating,Moderate,ENG101,Instructor,11,False
2025-01-08,Plagiarism,Moderate,PHYS101,Instructor,15,False
2025-01-08,Plagiarism,Major,MATH101,TA,22,False
2025-01-08,Cheating,Moderate,PHYS101,TA,18,True
2025-01-08,Cheating,Moderate,MATH101,TA,10,True
2025-01-08,Cheating,Minor,MATH101,TA,20,True
2025-01-08,Plagiarism,Minor,ENG101,Peer,14,False
2025-01-08,Cheating,Moderate,CS201,Administrator,23,False
2025-01-08,Unauthorized AI Use,Major,MATH101,Instructor,14,True
2025-01-08,Fabrication,Moderate,PHYS101,Administrator,17,False
2025-01-09,Plagiarism,Minor,CS101,TA,16,False
2025-01-09,Plagiarism,Minor,MATH101,Administrator,15,True
2025-01-09,Cheating,Minor,CS101,Administrator,12,False
2025-01-09,Plagiarism,Moderate,MATH101,Peer,17,False
2025-01-09,Cheating,Moderate,PHYS101,Instructor,13,False
2025-01-09,Cheating,Minor,PHYS101,Peer,15,False
2025-01-09,Unauthorized AI Use,Moderate,PHYS101,Instructor,17,False
2025-01-09,Unauthorized AI Use,Minor,PHYS101,Instructor,12,False
2025-01-09,Unauthorized AI Use,Minor,CS101,Administrator,16,False
2025-01-10,Plagiarism,Major,ENG101,Instructor,11,False
2025-01-10,Cheating,Minor,ENG101,Instructor,17,False
2025-01-10,Unauthorized AI Use,Major,CS201,Peer,11,True
2025-01-10,Facilitation,Major,ENG101,Instructor,18,False
2025-01-10,Unauthorized AI Use,Moderate,MATH101,Peer,16,True
2025-01-10,Facilitation,Moderate,MATH101,Peer,15,False
2025-01-10,Plagiarism,Major,CS101,Instructor,20,False
2025-01-10,Fabrication,Minor,PHYS101,Administrator,17,False
2025-01-10,Unauthorized AI Use,Major,MATH101,Peer,8,False
2025-01-11,Facilitation,Minor,CS101,TA,18,False
2025-01-11,Cheating,Moderate,CS101,TA,13,False
2025-01-11,Plagiarism,Major,CS101,Administrator,26,False
2025-01-11,Unauthorized AI Use,Major,CS201,TA,19,False
2025-01-12,Plagiarism,Major,PHYS101,Instructor,18,False
2025-01-12,Plagiarism,Moderate,CS101,Peer,12,False
2025-01-12,Plagiarism,Major,MATH101,TA,16,True
2025-01-12,Plagiarism,Major,CS101,Instructor,17,False
2025-01-12,Unauthorized AI Use,Major,PHYS101,Administrator,10,False
2025-01-12,Plagiarism,Moderate,ENG101,Administrator,14,False
2025-01-12,Facilitation,Moderate,PHYS101,Administrator,11,False
2025-01-12,Cheating,Major,CS101,Instructor,12,False
2025-01-13,Cheating,Major,CS201,TA,18,False
2025-01-13,Cheating,Minor,CS101,Instructor,17,False
2025-01-13,Cheating,Major,ENG101,Peer,11,False
2025-01-13,Unauthorized AI Use,Moderate,MATH101,Administrator,12,True
2025-01-13,Plagiarism,Minor,CS201,Administrator,13,False
2025-01-13,Facilitation,Moderate,MATH101,Instructor,10,False
2025-01-13,Plagiarism,Minor,CS101,Administrator,12,False
2025-01-13,Unauthorized AI Use,Moderate,CS101,TA,15,False
2025-01-13,Facilitation,Minor,MATH101,Administrator,18,False
2025-01-13,Plagiarism,Moderate,CS201,Instructor,18,False
2025-01-14,Unauthorized AI Use,Minor,CS201,Instructor,15,False
2025-01-14,Cheating,Minor,ENG101,Instructor,9,False
2025-01-14,Facilitation,Moderate,CS101,Peer,17,False
2025-01-15,Cheating,Major,CS201,Administrator,16,True
2025-01-15,Fabrication,Minor,CS201,Instructor,19,False
2025-01-15,Unauthorized AI Use,Minor,ENG101,Peer,9,False
2025-01-15,Plagiarism,Major,MATH101,Instructor,10,False
2025-01-15,Cheating,Major,PHYS101,Administrator,14,True
2025-01-15,Unauthorized AI Use,Minor,MATH101,Instructor,14,True
2025-01-15,Cheating,Moderate,CS101,TA,16,False
2025-01-15,Cheating,Minor,PHYS101,Instructor,16,True
2025-01-16,Fabrication,Major,MATH101,Instructor,15,True
2025-01-16,Cheating,Major,CS201,Instructor,19,True
2025-01-16,Unauthorized AI Use,Major,PHYS101,Peer,10,False
2025-01-16,Unauthorized AI Use,Major,CS201,Instructor,19,False
2025-01-16,Cheating,Major,CS201,Peer,14,False
2025-01-16,Unauthorized AI Use,Moderate,ENG101,TA,14,False
2025-01-16,Cheating,Major,PHYS101,Peer,15,False
2025-01-16,Facilitation,Minor,MATH101,TA,6,True
2025-01-16,Plagiarism,Major,PHYS101,Peer,21,True
2025-01-16,Facilitation,Moderate,MATH101,Administrator,14,False
2025-01-16,Unauthorized AI Use,Minor,PHYS101,Peer,13,False
2025-01-16,Facilitation,Moderate,ENG101,Peer,12,False
2025-01-17,Cheating,Major,ENG101,Peer,15,False
2025-01-17,Fabrication,Moderate,ENG101,TA,18,True
2025-01-17,Unauthorized AI Use,Moderate,CS101,Instructor,13,False
2025-01-17,Unauthorized AI Use,Moderate,PHYS101,Instructor,14,False
2025-01-17,Cheating,Moderate,CS101,Instructor,21,False
2025-01-17,Fabrication,Minor,ENG101,Administrator,18,False
2025-01-17,Fabrication,Major,PHYS101,TA,17,False
2025-01-17,Unauthorized AI Use,Moderate,CS201,Peer,15,False
2025-01-17,Unauthorized AI Use,Major,PHYS101,Peer,15,False
2025-01-17,Cheating,Minor,CS101,TA,12,True
2025-01-17,Plagiarism,Minor,PHYS101,Instructor,10,False
2025-01-18,Facilitation,Moderate,PHYS101,TA,18,False
2025-01-18,Plagiarism,Minor,MATH101,TA,14,False
2025-01-18,Fabrication,Minor,PHYS101,Administrator,11,False
2025-01-18,Fabrication,Major,MATH101,TA,17,False
2025-01-18,Plagiarism,Moderate,ENG101,Instructor,9,False
2025-01-18,Plagiarism,Minor,PHYS101,Administrator,14,False
2025-01-19,Cheating,Minor,PHYS101,TA,14,False
2025-01-19,Unauthorized AI Use,Minor,CS101,TA,17,False
2025-01-19,Plagiarism,Major,CS201,Peer,19,False
2025-01-20,Unauthorized AI Use,Moderate,CS101,Peer,14,False
2025-01-20,Facilitation,Minor,MATH101,Peer,16,False
2025-01-20,Fabrication,Moderate,CS101,Administrator,10,False
2025-01-20,Plagiarism,Minor,CS101,Administrator,11,False
2025-01-20,Plagiarism,Moderate,MATH101,Peer,14,False
2025-01-20,Plagiarism,Minor,CS101,TA,19,True
2025-01-20,Fabrication,Moderate,CS201,Instructor,19,False
2025-01-20,Fabrication,Minor,CS201,Instructor,19,False
2025-01-20,Unauthorized AI Use,Major,CS101,Administrator,14,False
2025-01-20,Plagiarism,Minor,ENG101,Instructor,17,False
2025-01-21,Cheating,Moderate,CS201,Administrator,13,False
2025-01-21,Cheating,Major,ENG101,Peer,15,False
2025-01-21,Fabrication,Moderate,CS201,Instructor,16,False
2025-01-21,Cheating,Minor,ENG101,TA,21,False
2025-01-21,Cheating,Minor,ENG101,Peer,17,True
2025-01-21,Cheating,Minor,ENG101,Peer,19,False
2025-01-21,Plagiarism,Moderate,PHYS101,Peer,6,False
2025-01-21,Unauthorized AI Use,Minor,MATH101,TA,13,False
2025-01-21,Facilitation,Moderate,ENG101,Administrator,14,False
2025-01-22,Plagiarism,Minor,ENG101,TA,20,False
2025-01-22,Fabrication,Major,CS101,TA,26,False
2025-01-22,Cheating,Minor,MATH101,TA,10,False
2025-01-22,Plagiarism,Major,PHYS101,Instructor,16,False
2025-01-22,Fabrication,Major,CS201,Instructor,18,False
2025-01-22,Cheating,Minor,CS201,Administrator,14,False
2025-01-22,Cheating,Minor,PHYS101,Peer,18,True
2025-01-22,Plagiarism,Moderate,PHYS101,Administrator,15,False
2025-01-22,Fabrication,Minor,CS201,Instructor,23,True
2025-01-23,Plagiarism,Moderate,CS101,Administrator,14,True
2025-01-23,Unauthorized AI Use,Major,ENG101,Administrator,16,False
2025-01-23,Unauthorized AI Use,Moderate,ENG101,Peer,19,False
2025-01-23,Fabrication,Minor,ENG101,Instructor,15,False
2025-01-23,Plagiarism,Major,CS201,TA,14,False
2025-01-23,Unauthorized AI Use,Moderate,PHYS101,Peer,15,False
2025-01-23,Unauthorized AI Use,Minor,PHYS101,TA,16,False
2025-01-23,Unauthorized AI Use,Major,MATH101,Instructor,20,False
2025-01-23,Plagiarism,Major,CS201,TA,15,True
2025-01-24,Unauthorized AI Use,Major,CS201,Peer,11,False
2025-01-24,Plagiarism,Major,MATH101,Instructor,15,False
2025-01-24,Unauthorized AI Use,Moderate,CS201,Peer,21,False
2025-01-24,Plagiarism,Minor,MATH101,Instructor,21,False
2025-01-24,Cheating,Major,MATH101,Peer,9,False
2025-01-24,Plagiarism,Moderate,MATH101,Instructor,12,False
2025-01-24,Plagiarism,Moderate,CS101,Instructor,11,False
2025-01-25,Unauthorized AI Use,Minor,CS201,Administrator,14,False
2025-01-25,Plagiarism,Minor,ENG101,Instructor,13,False
2025-01-25,Plagiarism,Major,PHYS101,TA,14,False
2025-01-25,Fabrication,Minor,PHYS101,Peer,20,False
2025-01-25,Fabrication,Moderate,CS101,Peer,17,False
2025-01-25,Facilitation,Major,CS101,Instructor,20,True
2025-01-26,Fabrication,Minor,ENG101,Instructor,13,False
2025-01-26,Plagiarism,Moderate,MATH101,Administrator,12,True
2025-01-26,Fabrication,Major,ENG101,Peer,13,True
2025-01-26,Facilitation,Minor,PHYS101,Peer,15,False
2025-01-26,Fabrication,Moderate,ENG101,Peer,17,False
2025-01-26,Fabrication,Moderate,ENG101,Peer,21,False
2025-01-27,Unauthorized AI Use,Moderate,ENG101,Peer,13,False
2025-01-27,Unauthorized AI Use,Moderate,CS101,Peer,14,False
2025-01-27,Facilitation,Moderate,MATH101,TA,15,False
2025-01-27,Facilitation,Moderate,CS201,TA,19,False
2025-01-27,Facilitation,Major,ENG101,Administrator,21,True
2025-01-28,Plagiarism,Minor,ENG101,Administrator,14,False
2025-01-28,Unauthorized AI Use,Minor,MATH101,Administrator,11,False
2025-01-28,Fabrication,Moderate,PHYS101,Peer,15,False
2025-01-28,Fabrication,Major,CS201,TA,17,False
2025-01-29,Facilitation,Minor,MATH101,TA,16,False
2025-01-29,Plagiarism,Minor,ENG101,Administrator,13,False
2025-01-29,Plagiarism,Moderate,ENG101,TA,11,False
2025-01-29,Plagiarism,Minor,ENG101,Instructor,20,False
2025-01-29,Unauthorized AI Use,Minor,CS201,TA,19,False
2025-01-29,Cheating,Moderate,CS201,Instructor,13,False
2025-01-29,Unauthorized AI Use,Moderate,CS201,Instructor,14,True
2025-01-30,Fabrication,Major,MATH101,TA,13,False
2025-01-30,Unauthorized AI Use,Major,CS201,Instructor,15,False
2025-01-30,Cheating,Minor,ENG101,Administrator,12,False
2025-01-30,Facilitation,Moderate,ENG101,TA,16,False
2025-01-30,Plagiarism,Minor,CS101,Instructor,16,False
2025-01-30,Unauthorized AI Use,Major,MATH101,TA,13,True
2025-01-30,Unauthorized AI Use,Moderate,MATH101,Instructor,14,True
2025-01-30,Fabrication,Minor,CS201,Peer,15,False
2025-01-31,Plagiarism,Moderate,PHYS101,Instructor,14,False
2025-01-31,Fabrication,Minor,CS101,Administrator,15,False
2025-01-31,Unauthorized AI Use,Major,CS201,TA,10,False
2025-01-31,Facilitation,Minor,MATH101,Peer,13,False
2025-01-31,Plagiarism,Moderate,CS101,TA,13,False
2025-01-31,Plagiarism,Major,CS101,Peer,16,False
2025-01-31,Cheating,Major,CS101,Administrator,12,False
2025-01-31,Facilitation,Moderate,MATH101,TA,7,False
2025-01-31,Unauthorized AI Use,Moderate,PHYS101,Peer,22,False
2025-01-31,Cheating,Moderate,CS101,Instructor,20,False
2025-01-31,Facilitation,Minor,ENG101,TA,14,False
2025-01-31,Cheating,Minor,CS201,Peer,18,False
2025-01-31,Cheating,Moderate,CS101,Peer,13,False
2025-02-01,Plagiarism,Minor,PHYS101,TA,10,True
2025-02-01,Plagiarism,Major,CS201,Instructor,20,False
2025-02-01,Cheating,Minor,MATH101,Peer,17,False
2025-02-01,Plagiarism,Moderate,ENG101,Administrator,8,True
2025-02-01,Cheating,Moderate,MATH101,TA,17,False
2025-02-01,Cheating,Minor,CS201,Administrator,14,False
2025-02-01,Plagiarism,Minor,CS101,Peer,17,False
2025-02-01,Plagiarism,Minor,MATH101,Peer,17,False
2025-02-02,Cheating,Moderate,ENG101,Peer,12,False
2025-02-02,Unauthorized AI Use,Moderate,CS101,Instructor,21,False
2025-02-02,Cheating,Moderate,CS201,TA,17,False
2025-02-02,Fabrication,Minor,CS201,Peer,15,False
2025-02-02,Cheating,Minor,CS201,Instructor,13,False
2025-02-02,Cheating,Moderate,PHYS101,Administrator,14,False
2025-02-02,Fabrication,Major,CS201,TA,11,False
2025-02-02,Plagiarism,Major,ENG101,TA,11,False
2025-02-02,Plagiarism,Major,PHYS101,Administrator,14,False
2025-02-03,Cheating,Moderate,CS201,Administrator,12,False
2025-02-03,Plagiarism,Major,CS201,Instructor,28,False
2025-02-03,Cheating,Moderate,PHYS101,Administrator,16,False
2025-02-03,Cheating,Major,PHYS101,Peer,17,False
2025-02-03,Fabrication,Major,ENG101,Peer,9,False
2025-02-04,Cheating,Moderate,PHYS101,Instructor,16,False
2025-02-04,Facilitation,Major,PHYS101,TA,15,False
2025-02-04,Unauthorized AI Use,Moderate,MATH101,Peer,19,False
2025-02-04,Plagiarism,Major,CS201,Instructor,17,False
2025-02-04,Fabrication,Minor,CS201,Peer,15,True
2025-02-04,Plagiarism,Major,CS201,Peer,10,False
2025-02-04,Cheating,Moderate,ENG101,TA,17,False
2025-02-04,Cheating,Moderate,PHYS101,Instructor,13,False
2025-02-04,Fabrication,Minor,PHYS101,Peer,16,True
2025-02-06,Fabrication,Moderate,CS201,Administrator,10,False
2025-02-06,Unauthorized AI Use,Moderate,PHYS101,Administrator,20,False
2025-02-07,Cheating,Moderate,PHYS101,Instructor,19,False
2025-02-07,Unauthorized AI Use,Minor,MATH101,Instructor,17,True
2025-02-07,Unauthorized AI Use,Minor,CS201,Administrator,14,False
2025-02-07,Cheating,Major,PHYS101,Administrator,15,False
2025-02-07,Plagiarism,Moderate,CS101,Administrator,17,False
2025-02-07,Unauthorized AI Use,Major,PHYS101,Peer,10,True
2025-02-07,Plagiarism,Minor,ENG101,Instructor,20,False
2025-02-07,Cheating,Minor,ENG101,TA,13,False
2025-02-07,Cheating,Moderate,CS101,Administrator,17,False
2025-02-07,Fabrication,Minor,CS101,Instructor,17,False
2025-02-07,Plagiarism,Major,ENG101,TA,12,False
2025-02-07,Plagiarism,Major,CS101,Administrator,16,False
2025-02-08,Plagiarism,Moderate,ENG101,Administrator,16,False
2025-02-08,Plagiarism,Moderate,ENG101,Instructor,8,False
2025-02-08,Cheating,Major,PHYS101,Instructor,10,False
2025-02-08,Facilitation,Moderate,PHYS101,Peer,9,False
2025-02-08,Fabrication,Major,CS201,TA,14,False
2025-02-08,Unauthorized AI Use,Moderate,CS201,Peer,19,False
2025-02-09,Cheating,Moderate,MATH101,Administrator,15,False
2025-02-09,Cheating,Minor,MATH101,Instructor,16,False
2025-02-09,Fabrication,Moderate,CS101,Administrator,24,False
2025-02-09,Plagiarism,Major,CS201,TA,24,True
2025-02-10,Fabrication,Major,CS101,Peer,6,False
2025-02-10,Plagiarism,Moderate,MATH101,Peer,18,False
2025-02-10,Unauthorized AI Use,Moderate,MATH101,Administrator,13,False
2025-02-10,Facilitation,Major,PHYS101,Peer,11,False
2025-02-10,Plagiarism,Moderate,MATH101,TA,13,False
2025-02-10,Facilitation,Major,MATH101,Administrator,14,False
2025-02-11,Unauthorized AI Use,Major,MATH101,TA,12,False
2025-02-11,Cheating,Moderate,PHYS101,Administrator,16,False
2025-02-11,Plagiarism,Moderate,PHYS101,Peer,11,False
2025-02-11,Cheating,Major,CS101,Administrator,16,False
2025-02-11,Plagiarism,Major,ENG101,Peer,15,False
2025-02-11,Unauthorized AI Use,Moderate,MATH101,Administrator,12,False
2025-02-11,Cheating,Major,CS201,Administrator,10,False
2025-02-12,Fabrication,Minor,MATH101,TA,20,False
2025-02-12,Cheating,Moderate,PHYS101,TA,9,False
2025-02-12,Fabrication,Major,CS201,Peer,11,False
2025-02-12,Plagiarism,Minor,CS101,TA,18,True
2025-02-12,Plagiarism,Major,CS101,Administrator,15,False
2025-02-12,Fabrication,Moderate,ENG101,Instructor,18,True
2025-02-13,Plagiarism,Minor,ENG101,Peer,17,False
2025-02-13,Plagiarism,Major,CS101,TA,12,False
2025-02-13,Unauthorized AI Use,Moderate,MATH101,TA,13,True
2025-02-13,Unauthorized AI Use,Moderate,CS201,TA,15,False
2025-02-13,Unauthorized AI Use,Major,PHYS101,Administrator,12,False
2025-02-13,Cheating,Moderate,ENG101,Peer,12,False
2025-02-13,Cheating,Minor,CS101,TA,15,False
2025-02-13,Plagiarism,Minor,PHYS101,Instructor,14,True
2025-02-13,Unauthorized AI Use,Major,MATH101,Instructor,13,False
2025-02-13,Unauthorized AI Use,Minor,CS201,TA,19,False
2025-02-13,Plagiarism,Moderate,CS101,Peer,20,True
2025-02-13,Plagiarism,Minor,PHYS101,Instructor,12,False
2025-02-14,Cheating,Major,CS201,Peer,10,False
2025-02-14,Unauthorized AI Use,Moderate,PHYS101,Peer,19,True
2025-02-14,Plagiarism,Moderate,CS101,Instructor,12,True
2025-02-14,Facilitation,Minor,MATH101,Peer,16,False
2025-02-14,Fabrication,Major,MATH101,TA,17,True
2025-02-14,Cheating,Moderate,CS101,Administrator,15,False
2025-02-14,Plagiarism,Major,PHYS101,Peer,25,False
2025-02-14,Unauthorized AI Use,Minor,MATH101,TA,14,False
2025-02-14,Plagiarism,Major,PHYS101,Peer,14,False
2025-02-15,Cheating,Minor,CS201,Peer,15,False
2025-02-15,Cheating,Major,CS101,Instructor,8,False
2025-02-15,Fabrication,Moderate,ENG101,Administrator,16,True
2025-02-16,Facilitation,Minor,ENG101,TA,15,False
2025-02-16,Cheating,Major,PHYS101,TA,11,False
2025-02-16,Plagiarism,Minor,MATH101,Instructor,22,False
2025-02-16,Plagiarism,Moderate,CS201,TA,17,False
2025-02-16,Unauthorized AI Use,Minor,ENG101,TA,19,False
2025-02-16,Unauthorized AI Use,Major,CS201,Peer,12,False
2025-02-16,Plagiarism,Major,PHYS101,Peer,13,False
2025-02-16,Fabrication,Moderate,CS101,TA,17,True
2025-02-17,Cheating,Major,PHYS101,Instructor,13,False
2025-02-17,Cheating,Major,CS101,TA,18,False
2025-02-17,Plagiarism,Minor,PHYS101,Peer,14,False
2025-02-17,Unauthorized AI Use,Major,CS101,Instructor,15,False
2025-02-17,Unauthorized AI Use,Moderate,CS201,Instructor,17,True
2025-02-17,Plagiarism,Moderate,CS101,Instructor,11,False
2025-02-17,Plagiarism,Major,PHYS101,Peer,16,False
2025-02-17,Plagiarism,Minor,MATH101,TA,13,True
2025-02-17,Cheating,Minor,ENG101,TA,13,False
2025-02-17,Fabrication,Major,PHYS101,Administrator,15,True
2025-02-17,Unauthorized AI Use,Major,CS201,Instructor,15,False
2025-02-17,Cheating,Moderate,PHYS101,Administrator,16,False
2025-02-18,Unauthorized AI Use,Moderate,CS101,Peer,14,False
2025-02-18,Cheating,Moderate,ENG101,TA,11,False
2025-02-18,Cheating,Minor,ENG101,Instructor,11,True
2025-02-18,Cheating,Major,PHYS101,Peer,15,False
2025-02-18,Facilitation,Moderate,PHYS101,Instructor,19,False
2025-02-18,Unauthorized AI Use,Moderate,PHYS101,TA,19,False
2025-02-19,Plagiarism,Minor,MATH101,Administrator,17,False
2025-02-19,Plagiarism,Minor,ENG101,Instructor,16,False
2025-02-19,Cheating,Major,MATH101,Administrator,21,False
2025-02-19,Cheating,Moderate,ENG101,Administrator,17,False
2025-02-19,Unauthorized AI Use,Moderate,MATH101,Peer,14,False
2025-02-19,Plagiarism,Minor,MATH101,Administrator,13,False
2025-02-19,Facilitation,Moderate,MATH101,Administrator,15,True
2025-02-19,Cheating,Moderate,MATH101,TA,10,False
2025-02-19,Plagiarism,Moderate,ENG101,Instructor,22,False
2025-02-19,Facilitation,Moderate,MATH101,Peer,16,True
2025-02-19,Plagiarism,Moderate,ENG101,Administrator,21,False
2025-02-19,Unauthorized AI Use,Moderate,PHYS101,Peer,10,False
2025-02-20,Cheating,Moderate,MATH101,TA,15,False
2025-02-20,Cheating,Minor,CS201,Instructor,12,True
2025-02-20,Fabrication,Major,MATH101,TA,14,True
2025-02-20,Plagiarism,Moderate,CS201,Administrator,18,False
2025-02-20,Fabrication,Major,CS101,Administrator,18,False
2025-02-20,Plagiarism,Moderate,CS101,TA,14,False
2025-02-20,Plagiarism,Major,PHYS101,Peer,11,False
2025-02-20,Fabrication,Moderate,MATH101,TA,13,False
2025-02-21,Fabrication,Major,PHYS101,TA,17,False
2025-02-21,Unauthorized AI Use,Major,CS201,Administrator,17,False
2025-02-21,Unauthorized AI Use,Moderate,MATH101,Administrator,12,False
2025-02-21,Facilitation,Moderate,CS101,Instructor,20,False
2025-02-21,Plagiarism,Major,MATH101,Instructor,9,False
2025-02-21,Unauthorized AI Use,Moderate,MATH101,TA,10,False
2025-02-21,Cheating,Moderate,PHYS101,Instructor,12,False
2025-02-21,Cheating,Minor,ENG101,Instructor,18,False
2025-02-21,Plagiarism,Moderate,MATH101,Peer,12,False
2025-02-21,Fabrication,Moderate,ENG101,Instructor,15,False
2025-02-22,Plagiarism,Major,ENG101,Instructor,13,False
2025-02-22,Cheating,Major,MATH101,Administrator,7,False
2025-02-22,Cheating,Moderate,CS201,Instructor,14,False
2025-02-22,Plagiarism,Moderate,ENG101,Peer,12,False
2025-02-22,Plagiarism,Major,MATH101,Administrator,14,False
2025-02-22,Fabrication,Moderate,ENG101,Instructor,11,False
2025-02-22,Cheating,Major,PHYS101,TA,17,False
2025-02-22,Plagiarism,Major,PHYS101,Instructor,14,False
2025-02-22,Unauthorized AI Use,Minor,CS201,Instructor,11,False
2025-02-23,Plagiarism,Moderate,CS201,TA,11,False
2025-02-23,Cheating,Moderate,MATH101,TA,17,True
2025-02-23,Cheating,Moderate,ENG101,Peer,14,False
2025-02-23,Unauthorized AI Use,Minor,MATH101,Instructor,16,False
2025-02-23,Plagiarism,Major,ENG101,Administrator,15,False
2025-02-23,Facilitation,Minor,ENG101,Administrator,13,False
2025-02-24,Fabrication,Major,CS101,Peer,15,False
2025-02-24,Unauthorized AI Use,Moderate,CS201,Instructor,19,False
2025-02-25,Fabrication,Moderate,PHYS101,TA,22,False
2025-02-25,Plagiarism,Major,CS201,Peer,15,False
2025-02-25,Facilitation,Moderate,MATH101,Peer,9,False
2025-02-25,Plagiarism,Moderate,PHYS101,Peer,16,False
2025-02-25,Plagiarism,Major,MATH101,TA,11,False
2025-02-25,Cheating,Moderate,MATH101,Peer,16,True
2025-02-25,Cheating,Moderate,CS201,TA,13,False
2025-02-25,Unauthorized AI Use,Major,CS201,Administrator,17,False
2025-02-26,Plagiarism,Major,PHYS101,Instructor,27,False
2025-02-26,Fabrication,Minor,MATH101,TA,15,False
2025-02-26,Plagiarism,Major,MATH101,Instructor,13,False
2025-02-26,Unauthorized AI Use,Minor,ENG101,TA,14,False
2025-02-26,Plagiarism,Moderate,MATH101,TA,19,False
2025-02-26,Plagiarism,Moderate,PHYS101,Instructor,18,False
2025-02-26,Cheating,Major,MATH101,Administrator,17,False
2025-02-27,Plagiarism,Minor,CS101,Administrator,14,True
2025-02-27,Facilitation,Minor,MATH101,Administrator,21,False
2025-02-27,Unauthorized AI Use,Major,MATH101,TA,17,True
2025-02-27,Fabrication,Major,PHYS101,Instructor,10,True
2025-02-27,Plagiarism,Minor,MATH101,Peer,16,False
2025-02-28,Cheating,Moderate,ENG101,Administrator,13,True
2025-02-28,Plagiarism,Minor,MATH101,TA,18,False
2025-02-28,Cheating,Major,ENG101,Administrator,16,False
2025-02-28,Unauthorized AI Use,Major,ENG101,Peer,15,False
2025-02-28,Fabrication,Moderate,CS101,Instructor,16,False
2025-02-28,Cheating,Major,MATH101,TA,17,False
2025-02-28,Cheating,Major,MATH101,Peer,12,False
2025-02-28,Fabrication,Minor,ENG101,TA,17,False
2025-02-28,Unauthorized AI Use,Major,ENG101,TA,12,False
2025-02-28,Cheating,Minor,MATH101,Administrator,11,False
2025-03-01,Fabrication,Major,CS201,Peer,15,False
2025-03-01,Cheating,Minor,ENG101,Peer,14,False
2025-03-01,Cheating,Major,CS101,Peer,22,False
2025-03-01,Fabrication,Major,MATH101,TA,14,False
2025-03-02,Plagiarism,Moderate,CS101,TA,12,False
2025-03-02,Fabrication,Minor,PHYS101,TA,17,False
2025-03-02,Cheating,Minor,MATH101,TA,21,False
2025-03-02,Fabrication,Moderate,PHYS101,Administrator,15,False
2025-03-02,Plagiarism,Moderate,CS201,Administrator,21,True
2025-03-02,Fabrication,Major,MATH101,Instructor,11,True
2025-03-02,Fabrication,Major,CS101,TA,17,False
2025-03-03,Unauthorized AI Use,Major,CS101,Instructor,15,True
2025-03-03,Cheating,Moderate,CS101,Administrator,8,False
2025-03-04,Fabrication,Moderate,CS101,TA,8,False
2025-03-04,Plagiarism,Moderate,PHYS101,Peer,13,True
2025-03-04,Cheating,Major,CS101,Instructor,15,False
2025-03-04,Fabrication,Moderate,PHYS101,Administrator,17,False
2025-03-04,Plagiarism,Moderate,ENG101,TA,14,False
2025-03-04,Facilitation,Minor,MATH101,Administrator,17,True
2025-03-05,Cheating,Minor,ENG101,Administrator,13,False
2025-03-05,Plagiarism,Moderate,MATH101,Instructor,18,True
2025-03-05,Plagiarism,Moderate,ENG101,Administrator,15,False
2025-03-05,Cheating,Major,ENG101,Administrator,19,True
2025-03-05,Cheating,Major,CS201,TA,13,False
2025-03-05,Plagiarism,Moderate,ENG101,TA,15,False
2025-03-06,Plagiarism,Minor,ENG101,Instructor,14,False
2025-03-06,Cheating,Moderate,CS101,Instructor,17,True
2025-03-06,Plagiarism,Minor,CS101,Administrator,18,False
2025-03-06,Unauthorized AI Use,Moderate,CS201,Instructor,16,False
2025-03-06,Facilitation,Major,PHYS101,TA,9,True
2025-03-06,Cheating,Minor,ENG101,Administrator,14,False
2025-03-06,Cheating,Major,MATH101,Administrator,17,False
2025-03-06,Plagiarism,Minor,CS201,TA,14,False
2025-03-07,Fabrication,Moderate,ENG101,Peer,12,False
2025-03-07,Facilitation,Major,PHYS101,Peer,11,False
2025-03-07,Unauthorized AI Use,Minor,CS101,Peer,13,False
2025-03-07,Unauthorized AI Use,Moderate,CS101,TA,13,True
2025-03-07,Plagiarism,Minor,PHYS101,Peer,16,True
2025-03-07,Unauthorized AI Use,Major,ENG101,Administrator,13,False
2025-03-08,Facilitation,Moderate,PHYS101,Administrator,11,False
2025-03-08,Facilitation,Moderate,CS101,Instructor,14,False
2025-03-08,Facilitation,Major,CS101,TA,15,False
2025-03-08,Plagiarism,Minor,ENG101,Peer,19,True
2025-03-08,Fabrication,Major,CS201,TA,15,False
2025-03-08,Facilitation,Moderate,CS201,TA,19,False
2025-03-08,Plagiarism,Minor,MATH101,TA,14,False
2025-03-08,Plagiarism,Major,CS201,Administrator,14,False
2025-03-09,Unauthorized AI Use,Minor,ENG101,TA,15,False
2025-03-09,Plagiarism,Major,MATH101,Peer,17,True
2025-03-09,Cheating,Minor,ENG101,Instructor,7,False
2025-03-10,Cheating,Moderate,PHYS101,Administrator,11,False
2025-03-10,Plagiarism,Major,CS101,TA,6,False
2025-03-10,Plagiarism,Moderate,CS201,Peer,18,False
2025-03-10,Plagiarism,Minor,CS201,TA,13,False
2025-03-11,Cheating,Minor,ENG101,Administrator,14,True
2025-03-11,Plagiarism,Moderate,CS101,Peer,18,False
2025-03-11,Plagiarism,Moderate,PHYS101,Instructor,17,False
2025-03-11,Fabrication,Major,PHYS101,Instructor,12,False
2025-03-11,Cheating,Major,MATH101,Peer,13,False
2025-03-11,Plagiarism,Major,ENG101,TA,9,False
2025-03-12,Cheating,Major,ENG101,Administrator,14,False
2025-03-12,Unauthorized AI Use,Minor,CS201,Peer,24,False
2025-03-12,Cheating,Major,MATH101,TA,13,False
2025-03-12,Fabrication,Moderate,MATH101,Instructor,16,True
2025-03-12,Fabrication,Major,MATH101,TA,19,True
2025-03-13,Unauthorized AI Use,Minor,CS101,Instructor,16,False
2025-03-13,Cheating,Moderate,CS101,Administrator,19,True
2025-03-13,Unauthorized AI Use,Moderate,PHYS101,Peer,16,False
2025-03-13,Fabrication,Major,CS101,Instructor,15,False
2025-03-13,Unauthorized AI Use,Major,PHYS101,TA,18,False
2025-03-13,Plagiarism,Moderate,CS101,Instructor,13,False
2025-03-13,Facilitation,Major,PHYS101,Instructor,14,False
2025-03-13,Cheating,Major,CS101,Peer,14,False
2025-03-13,Unauthorized AI Use,Major,CS101,Administrator,14,False
2025-03-13,Unauthorized AI Use,Major,MATH101,Administrator,14,False
2025-03-14,Unauthorized AI Use,Minor,MATH101,Peer,12,False
2025-03-14,Plagiarism,Moderate,ENG101,TA,12,False
2025-03-14,Facilitation,Moderate,ENG101,TA,10,False
2025-03-14,Plagiarism,Major,ENG101,Peer,19,False
2025-03-15,Plagiarism,Moderate,ENG101,Instructor,15,False
2025-03-15,Fabrication,Minor,CS201,TA,13,False
2025-03-15,Plagiarism,Minor,CS201,TA,12,False
2025-03-15,Plagiarism,Moderate,PHYS101,Peer,16,False
2025-03-16,Plagiarism,Major,CS201,Administrator,10,False
2025-03-16,Cheating,Moderate,PHYS101,Instructor,6,False
2025-03-16,Plagiarism,Minor,PHYS101,Instructor,11,True
2025-03-16,Unauthorized AI Use,Major,PHYS101,Peer,12,False
2025-03-16,Plagiarism,Minor,ENG101,Peer,5,False
2025-03-16,Cheating,Moderate,CS201,Peer,10,False
2025-03-17,Cheating,Moderate,CS101,TA,14,False
2025-03-17,Plagiarism,Major,ENG101,Peer,13,False
2025-03-17,Plagiarism,Minor,CS101,TA,10,True
2025-03-17,Plagiarism,Minor,MATH101,Administrator,16,False
2025-03-17,Unauthorized AI Use,Major,PHYS101,Instructor,14,False
2025-03-17,Plagiarism,Moderate,ENG101,Instructor,14,False
2025-03-17,Fabrication,Moderate,CS101,TA,15,False
2025-03-18,Fabrication,Minor,CS101,Instructor,18,False
2025-03-18,Cheating,Moderate,MATH101,TA,19,True
2025-03-18,Cheating,Moderate,CS101,TA,13,False
2025-03-18,Plagiarism,Major,CS101,Peer,16,False
2025-03-18,Fabrication,Minor,MATH101,TA,12,False
2025-03-18,Plagiarism,Major,CS101,Administrator,14,False
2025-03-18,Cheating,Minor,PHYS101,Administrator,10,False
2025-03-18,Unauthorized AI Use,Moderate,ENG101,Instructor,14,False
2025-03-18,Fabrication,Minor,MATH101,Instructor,14,False
2025-03-19,Cheating,Minor,ENG101,TA,20,False
2025-03-19,Facilitation,Major,CS201,Peer,13,True
2025-03-19,Plagiarism,Major,ENG101,Instructor,17,False
2025-03-19,Fabrication,Moderate,CS201,Administrator,16,False
2025-03-19,Unauthorized AI Use,Minor,CS101,TA,18,False
2025-03-19,Fabrication,Moderate,PHYS101,Peer,14,False
2025-03-19,Cheating,Minor,PHYS101,Instructor,17,False
2025-03-19,Cheating,Minor,PHYS101,Administrator,11,False
2025-03-19,Unauthorized AI Use,Minor,CS201,Administrator,11,False
2025-03-19,Unauthorized AI Use,Moderate,MATH101,Peer,7,True
2025-03-19,Fabrication,Minor,CS101,TA,10,False
2025-03-19,Cheating,Moderate,CS201,Administrator,12,False
2025-03-19,Cheating,Major,PHYS101,Administrator,17,False
2025-03-20,Unauthorized AI Use,Major,ENG101,Administrator,13,False
2025-03-20,Cheating,Minor,PHYS101,Instructor,10,False
2025-03-21,Cheating,Major,PHYS101,Peer,19,True
2025-03-21,Fabrication,Major,CS101,Instructor,15,True
2025-03-21,Fabrication,Major,CS101,Peer,15,True
2025-03-21,Plagiarism,Minor,MATH101,Peer,11,True
2025-03-21,Cheating,Moderate,CS101,Administrator,9,False
2025-03-22,Plagiarism,Major,CS101,TA,11,False
2025-03-22,Facilitation,Major,CS101,TA,16,False
2025-03-22,Unauthorized AI Use,Moderate,CS201,Instructor,15,False
2025-03-22,Cheating,Major,PHYS101,Administrator,16,False
2025-03-23,Unauthorized AI Use,Moderate,MATH101,Instructor,17,True
2025-03-23,Cheating,Moderate,CS101,Instructor,13,True
2025-03-23,Cheating,Moderate,CS101,Peer,18,False
2025-03-24,Unauthorized AI Use,Major,PHYS101,TA,25,False
2025-03-24,Unauthorized AI Use,Moderate,CS201,Peer,21,False
2025-03-24,Plagiarism,Major,CS201,Peer,19,False
2025-03-25,Facilitation,Major,PHYS101,Peer,9,False
2025-03-25,Plagiarism,Minor,PHYS101,Administrator,15,False
2025-03-25,Plagiarism,Major,MATH101,Administrator,12,False
2025-03-25,Cheating,Moderate,CS101,Instructor,19,False
2025-03-25,Plagiarism,Moderate,CS101,Instructor,14,False
2025-03-25,Cheating,Moderate,CS201,TA,14,False
2025-03-25,Plagiarism,Minor,CS101,Peer,12,False
2025-03-25,Unauthorized AI Use,Moderate,MATH101,Instructor,8,False
2025-03-25,Plagiarism,Major,CS201,TA,18,False
2025-03-26,Unauthorized AI Use,Minor,CS201,TA,9,False
2025-03-26,Fabrication,Moderate,MATH101,Administrator,23,False
2025-03-26,Cheating,Major,CS101,Peer,14,False
2025-03-26,Fabrication,Major,MATH101,Administrator,15,False
2025-03-26,Plagiarism,Minor,MATH101,Instructor,17,False
2025-03-26,Fabrication,Major,CS201,Administrator,18,False
2025-03-27,Fabrication,Major,ENG101,Administrator,18,False
2025-03-27,Unauthorized AI Use,Minor,PHYS101,TA,16,False
2025-03-27,Fabrication,Major,MATH101,TA,20,False
2025-03-27,Unauthorized AI Use,Moderate,MATH101,Instructor,31,False
2025-03-27,Facilitation,Major,MATH101,Administrator,15,False
2025-03-27,Cheating,Moderate,ENG101,Instructor,13,False
2025-03-27,Cheating,Minor,MATH101,Instructor,15,False
2025-03-27,Cheating,Moderate,CS101,Instructor,13,False
2025-03-27,Facilitation,Moderate,ENG101,Instructor,16,False
2025-03-28,Plagiarism,Major,ENG101,Peer,11,False
2025-03-28,Unauthorized AI Use,Moderate,CS101,Peer,11,False
2025-03-28,Plagiarism,Major,CS101,Instructor,21,False
2025-03-28,Cheating,Minor,CS201,Peer,16,False
2025-03-28,Cheating,Moderate,MATH101,Instructor,13,False
2025-03-28,Facilitation,Moderate,CS201,Instructor,13,False
2025-03-29,Cheating,Moderate,MATH101,Instructor,12,False
2025-03-29,Plagiarism,Moderate,PHYS101,Instructor,15,False
2025-03-29,Cheating,Minor,CS101,Peer,14,False
2025-03-29,Fabrication,Moderate,ENG101,Instructor,15,False
2025-03-29,Cheating,Minor,CS101,TA,17,False
2025-03-30,Unauthorized AI Use,Major,CS101,TA,16,False
2025-03-30,Cheating,Minor,CS101,Instructor,15,False
2025-03-30,Plagiarism,Minor,CS201,Peer,14,False
2025-03-31,Cheating,Major,CS201,Peer,12,False
2025-03-31,Cheating,Moderate,CS101,Instructor,12,False
2025-03-31,Cheating,Moderate,ENG101,Instructor,18,True
2025-03-31,Unauthorized AI Use,Moderate,MATH101,Administrator,11,False
2025-03-31,Facilitation,Minor,ENG101,Administrator,20,False
2025-03-31,Plagiarism,Major,MATH101,TA,17,False
2025-03-31,Fabrication,Major,ENG101,Peer,12,False
2025-04-01,Cheating,Moderate,CS101,Instructor,23,True
2025-04-01,Unauthorized AI Use,Major,CS101,Instructor,12,False
2025-04-01,Unauthorized AI Use,Moderate,CS201,Peer,16,False
2025-04-01,Unauthorized AI Use,Moderate,PHYS101,Instructor,11,False
2025-04-01,Plagiarism,Major,MATH101,Administrator,16,False
2025-04-01,Unauthorized AI Use,Minor,CS201,Peer,14,False
2025-04-01,Plagiarism,Moderate,ENG101,Administrator,19,True
2025-04-01,Cheating,Major,CS201,Peer,10,False
2025-04-01,Cheating,Major,ENG101,Instructor,14,False
2025-04-01,Fabrication,Major,MATH101,Instructor,13,False
2025-04-02,Facilitation,Moderate,CS201,Instructor,10,False
2025-04-02,Cheating,Moderate,MATH101,Administrator,19,False
2025-04-02,Unauthorized AI Use,Minor,ENG101,Peer,14,False
2025-04-02,Plagiarism,Minor,ENG101,Instructor,16,False
2025-04-02,Unauthorized AI Use,Minor,MATH101,Instructor,13,True
2025-04-02,Plagiarism,Moderate,PHYS101,Administrator,9,False
2025-04-02,Cheating,Moderate,ENG101,Administrator,19,False
2025-04-03,Cheating,Minor,ENG101,TA,16,False
2025-04-03,Cheating,Moderate,CS101,Administrator,12,False
2025-04-03,Cheating,Major,MATH101,Instructor,12,False
2025-04-03,Facilitation,Moderate,ENG101,Peer,14,False
2025-04-03,Plagiarism,Minor,ENG101,Peer,14,False
2025-04-03,Plagiarism,Major,CS101,Administrator,15,False
2025-04-03,Fabrication,Moderate,PHYS101,Administrator,20,False
2025-04-03,Plagiarism,Moderate,CS101,Administrator,14,False
2025-04-04,Plagiarism,Minor,ENG101,Administrator,14,True
2025-04-04,Unauthorized AI Use,Moderate,CS201,Instructor,16,False
2025-04-04,Fabrication,Minor,CS201,Administrator,22,False
2025-04-04,Plagiarism,Moderate,CS201,Administrator,12,False
2025-04-04,Cheating,Moderate,ENG101,TA,12,False
2025-04-05,Fabrication,Minor,CS201,Instructor,13,False
2025-04-05,Unauthorized AI Use,Moderate,CS101,TA,15,False
2025-04-05,Plagiarism,Major,ENG101,Administrator,16,False
2025-04-05,Cheating,Major,CS101,TA,17,True
2025-04-05,Plagiarism,Minor,MATH101,Peer,24,False
2025-04-05,Unauthorized AI Use,Minor,CS101,Administrator,16,True
2025-04-05,Unauthorized AI Use,Minor,MATH101,Peer,15,False
2025-04-05,Cheating,Minor,CS101,Administrator,19,False
2025-04-06,Cheating,Major,CS201,Administrator,14,True
2025-04-06,Plagiarism,Major,CS101,Administrator,26,False
2025-04-06,Cheating,Minor,CS101,TA,13,False
2025-04-06,Plagiarism,Moderate,MATH101,TA,19,False
2025-04-06,Unauthorized AI Use,Minor,CS101,Administrator,11,True
2025-04-06,Plagiarism,Minor,CS101,Peer,15,False
2025-04-06,Fabrication,Moderate,CS201,Peer,17,False
2025-04-06,Unauthorized AI Use,Major,ENG101,Administrator,16,False
2025-04-06,Cheating,Major,CS101,TA,14,False
2025-04-06,Unauthorized AI Use,Moderate,CS201,Administrator,12,False
2025-04-07,Cheating,Moderate,CS201,Instructor,18,False
2025-04-07,Fabrication,Major,ENG101,TA,17,False
2025-04-07,Cheating,Minor,ENG101,Administrator,21,False
2025-04-07,Cheating,Moderate,PHYS101,Peer,15,False
2025-04-07,Plagiarism,Major,MATH101,Administrator,18,False
2025-04-07,Plagiarism,Moderate,ENG101,Administrator,16,False
2025-04-07,Plagiarism,Minor,CS201,Instructor,19,False
2025-04-08,Plagiarism,Moderate,MATH101,Administrator,14,False
2025-04-08,Fabrication,Moderate,MATH101,Instructor,16,False
2025-04-08,Unauthorized AI Use,Moderate,ENG101,Instructor,8,False
2025-04-08,Unauthorized AI Use,Minor,MATH101,Administrator,13,True
2025-04-08,Cheating,Minor,ENG101,TA,12,False
2025-04-08,Cheating,Major,CS101,Administrator,15,True
2025-04-08,Facilitation,Moderate,CS101,Peer,17,True
2025-04-08,Unauthorized AI Use,Moderate,ENG101,Instructor,22,True
2025-04-08,Unauthorized AI Use,Moderate,CS101,Instructor,18,False
2025-04-08,Unauthorized AI Use,Moderate,MATH101,Administrator,14,False
2025-04-08,Unauthorized AI Use,Major,ENG101,Instructor,13,False
2025-04-08,Fabrication,Moderate,CS201,Instructor,12,False
2025-04-09,Cheating,Major,MATH101,Peer,12,False
2025-04-09,Plagiarism,Moderate,PHYS101,Administrator,24,False
2025-04-09,Plagiarism,Major,PHYS101,Peer,12,True
2025-04-09,Plagiarism,Major,CS101,Instructor,15,True
2025-04-09,Unauthorized AI Use,Moderate,CS101,TA,15,False
2025-04-09,Fabrication,Minor,ENG101,Peer,17,False
2025-04-09,Plagiarism,Moderate,CS101,Instructor,21,False
2025-04-10,Cheating,Minor,MATH101,TA,18,False
2025-04-10,Cheating,Moderate,MATH101,Administrator,10,False
2025-04-10,Plagiarism,Moderate,PHYS101,Peer,18,False
2025-04-10,Cheating,Major,MATH101,TA,17,False
2025-04-10,Fabrication,Moderate,ENG101,Peer,11,False
2025-04-10,Plagiarism,Minor,PHYS101,TA,13,False
2025-04-10,Fabrication,Major,CS201,Administrator,21,False
2025-04-10,Plagiarism,Minor,ENG101,Peer,8,False
2025-04-10,Fabrication,Major,MATH101,Peer,16,False
2025-04-10,Fabrication,Minor,ENG101,Administrator,13,False
2025-04-10,Cheating,Minor,PHYS101,TA,14,False
2025-04-10,Facilitation,Moderate,ENG101,Peer,17,False
2025-04-11,Plagiarism,Minor,CS201,Instructor,16,False
2025-04-11,Plagiarism,Minor,CS101,Instructor,10,False
2025-04-11,Fabrication,Moderate,CS101,TA,18,False
2025-04-11,Cheating,Minor,CS201,Peer,11,False
2025-04-11,Facilitation,Minor,ENG101,Peer,17,False
2025-04-11,Cheating,Major,MATH101,Administrator,14,False
2025-04-11,Facilitation,Moderate,PHYS101,Instructor,19,False
2025-04-11,Plagiarism,Minor,PHYS101,TA,12,True
2025-04-11,Cheating,Moderate,ENG101,Peer,15,True
2025-04-11,Plagiarism,Minor,CS201,TA,16,False
2025-04-12,Unauthorized AI Use,Moderate,PHYS101,Peer,21,False
2025-04-12,Fabrication,Minor,PHYS101,TA,17,False
2025-04-12,Plagiarism,Major,CS101,Peer,9,False
2025-04-12,Facilitation,Minor,CS101,TA,19,False
2025-04-12,Cheating,Major,MATH101,Peer,15,False
2025-04-12,Facilitation,Major,CS201,Administrator,22,False
2025-04-12,Unauthorized AI Use,Major,MATH101,Peer,9,False
2025-04-13,Plagiarism,Moderate,CS201,Peer,6,False
2025-04-13,Plagiarism,Moderate,PHYS101,TA,13,False
2025-04-13,Cheating,Moderate,CS201,TA,12,False
2025-04-13,Cheating,Moderate,CS201,TA,13,False
2025-04-13,Fabrication,Moderate,MATH101,TA,12,False
2025-04-13,Unauthorized AI Use,Moderate,MATH101,Peer,13,False
2025-04-14,Plagiarism,Major,CS201,Administrator,15,False
2025-04-14,Facilitation,Minor,ENG101,TA,13,False
2025-04-14,Fabrication,Moderate,CS101,Peer,15,False
2025-04-14,Cheating,Major,CS101,Instructor,14,False
2025-04-14,Fabrication,Minor,MATH101,Instructor,18,False
2025-04-14,Unauthorized AI Use,Minor,CS201,Administrator,15,False
2025-04-14,Fabrication,Moderate,CS101,Peer,14,True
2025-04-15,Facilitation,Major,MATH101,Administrator,14,False
2025-04-15,Cheating,Minor,PHYS101,TA,12,False
2025-04-15,Cheating,Moderate,PHYS101,Peer,12,False
2025-04-16,Facilitation,Major,PHYS101,Instructor,19,False
2025-04-16,Plagiarism,Moderate,PHYS101,TA,10,False
2025-04-16,Cheating,Moderate,ENG101,Administrator,21,False
2025-04-16,Plagiarism,Major,CS201,Peer,14,False
2025-04-16,Plagiarism,Minor,CS101,Administrator,13,False
2025-04-16,Cheating,Major,PHYS101,TA,13,False
2025-04-16,Cheating,Major,MATH101,TA,14,False
2025-04-16,Fabrication,Moderate,PHYS101,Instructor,15,False
2025-04-16,Plagiarism,Minor,CS201,Instructor,18,False
2025-04-17,Fabrication,Major,PHYS101,Instructor,23,False
2025-04-17,Facilitation,Minor,ENG101,TA,15,False
2025-04-17,Fabrication,Major,PHYS101,Administrator,15,False
2025-04-17,Fabrication,Major,PHYS101,Administrator,8,False
2025-04-17,Unauthorized AI Use,Moderate,MATH101,TA,15,True
2025-04-17,Fabrication,Moderate,ENG101,TA,9,True
2025-04-17,Plagiarism,Major,ENG101,TA,14,False
2025-04-17,Cheating,Moderate,PHYS101,Peer,15,False
2025-04-17,Plagiarism,Major,ENG101,Instructor,11,False
2025-04-17,Cheating,Moderate,CS101,Administrator,24,False
2025-04-18,Cheating,Major,CS201,Peer,12,False
2025-04-18,Unauthorized AI Use,Major,CS101,Peer,19,False
2025-04-18,Cheating,Moderate,MATH101,Administrator,14,False
2025-04-18,Plagiarism,Minor,MATH101,Administrator,19,False
2025-04-18,Plagiarism,Minor,MATH101,Administrator,18,False
2025-04-18,Cheating,Minor,CS201,Instructor,12,False
2025-04-18,Fabrication,Moderate,CS201,Instructor,11,False
2025-04-19,Fabrication,Minor,CS101,TA,15,False
2025-04-19,Unauthorized AI Use,Moderate,ENG101,Peer,9,False
2025-04-19,Cheating,Minor,MATH101,Instructor,14,False
2025-04-19,Plagiarism,Minor,CS101,TA,13,False
2025-04-19,Cheating,Major,PHYS101,Peer,13,False
2025-04-19,Unauthorized AI Use,Minor,ENG101,Administrator,20,False
2025-04-20,Facilitation,Minor,PHYS101,Instructor,13,True
2025-04-20,Plagiarism,Moderate,MATH101,Administrator,14,True
2025-04-20,Cheating,Moderate,ENG101,Peer,20,False
2025-04-20,Cheating,Moderate,PHYS101,Instructor,17,False
2025-04-20,Plagiarism,Major,ENG101,Instructor,13,False
2025-04-21,Unauthorized AI Use,Moderate,CS201,Administrator,16,False
2025-04-21,Unauthorized AI Use,Major,ENG101,Peer,8,False
2025-04-21,Facilitation,Minor,MATH101,Administrator,16,False
2025-04-21,Unauthorized AI Use,Minor,PHYS101,Administrator,19,False
2025-04-21,Plagiarism,Moderate,CS101,TA,13,False
2025-04-21,Facilitation,Moderate,CS201,Peer,14,False
2025-04-21,Plagiarism,Moderate,MATH101,TA,14,False
2025-04-21,Cheating,Major,PHYS101,Peer,16,False
2025-04-21,Plagiarism,Moderate,PHYS101,TA,18,False
2025-04-21,Facilitation,Major,CS201,Administrator,19,False
2025-04-21,Cheating,Moderate,CS201,Peer,19,False
2025-04-21,Cheating,Major,CS201,TA,21,False
2025-04-22,Cheating,Moderate,PHYS101,Instructor,17,False
2025-04-22,Plagiarism,Moderate,CS201,TA,19,False
2025-04-22,Cheating,Major,CS201,Administrator,15,False
2025-04-22,Cheating,Moderate,ENG101,Administrator,12,False
2025-04-22,Fabrication,Minor,CS101,Administrator,17,True
2025-04-22,Unauthorized AI Use,Minor,CS201,TA,12,False
2025-04-23,Fabrication,Major,CS101,Instructor,18,False
2025-04-23,Cheating,Minor,CS101,Instructor,15,False
2025-04-23,Unauthorized AI Use,Minor,MATH101,Instructor,18,False
2025-04-23,Fabrication,Moderate,ENG101,Instructor,12,False
2025-04-23,Plagiarism,Major,MATH101,Instructor,26,False
2025-04-23,Cheating,Moderate,CS101,Instructor,12,False
2025-04-23,Unauthorized AI Use,Major,ENG101,Administrator,16,False
2025-04-24,Plagiarism,Minor,CS101,TA,11,False
2025-04-24,Unauthorized AI Use,Minor,PHYS101,Peer,12,False
2025-04-24,Plagiarism,Moderate,CS201,Peer,19,False
2025-04-24,Unauthorized AI Use,Major,CS201,Administrator,16,True
2025-04-24,Cheating,Moderate,CS201,TA,20,False
2025-04-24,Cheating,Minor,ENG101,Peer,18,False
2025-04-24,Facilitation,Major,ENG101,TA,12,True
2025-04-25,Plagiarism,Moderate,CS201,Peer,16,False
2025-04-25,Cheating,Major,CS201,TA,19,False
2025-04-25,Plagiarism,Minor,ENG101,Instructor,20,False
2025-04-25,Fabrication,Minor,PHYS101,Peer,12,False
2025-04-25,Unauthorized AI Use,Moderate,CS101,TA,17,False
2025-04-25,Cheating,Major,PHYS101,Peer,18,False
2025-04-25,Unauthorized AI Use,Minor,CS201,Peer,13,False
2025-04-25,Fabrication,Minor,MATH101,Peer,18,False
2025-04-25,Fabrication,Moderate,ENG101,Instructor,22,False
2025-04-25,Fabrication,Minor,PHYS101,TA,18,True
2025-04-25,Fabrication,Minor,CS101,Peer,16,False
2025-04-25,Unauthorized AI Use,Major,CS201,Peer,15,False
2025-04-26,Unauthorized AI Use,Major,MATH101,Administrator,15,False
2025-04-26,Plagiarism,Minor,MATH101,TA,17,False
2025-04-26,Fabrication,Moderate,ENG101,Administrator,15,False
2025-04-26,Unauthorized AI Use,Moderate,ENG101,Administrator,18,False
2025-04-27,Plagiarism,Minor,CS101,Instructor,10,False
2025-04-27,Facilitation,Major,CS101,TA,15,False
2025-04-27,Fabrication,Major,PHYS101,TA,11,False
2025-04-27,Plagiarism,Moderate,PHYS101,TA,15,False
2025-04-27,Cheating,Major,CS201,Administrator,18,False
2025-04-28,Facilitation,Moderate,CS201,Administrator,16,False
2025-04-28,Cheating,Major,ENG101,Instructor,15,False
2025-04-28,Facilitation,Major,CS201,Peer,10,False
2025-04-28,Facilitation,Minor,ENG101,Peer,17,False
2025-04-28,Plagiarism,Minor,CS201,Instructor,15,False
2025-04-28,Cheating,Minor,MATH101,TA,23,False
2025-04-28,Cheating,Major,CS201,Instructor,14,False
2025-04-28,Plagiarism,Moderate,CS101,TA,14,False
2025-04-29,Plagiarism,Moderate,PHYS101,Instructor,20,False
2025-04-29,Fabrication,Moderate,MATH101,Administrator,17,False
2025-04-29,Plagiarism,Minor,CS101,Administrator,18,True
2025-04-29,Cheating,Moderate,CS101,Administrator,16,False
2025-04-29,Cheating,Minor,PHYS101,Administrator,16,False
2025-04-29,Fabrication,Moderate,MATH101,TA,18,False
2025-04-29,Unauthorized AI Use,Major,PHYS101,Instructor,12,True
2025-04-29,Cheating,Minor,PHYS101,Peer,16,False
2025-04-29,Unauthorized AI Use,Moderate,ENG101,Peer,15,False
2025-04-29,Fabrication,Moderate,CS201,TA,19,False
2025-04-29,Unauthorized AI Use,Major,PHYS101,TA,12,False
2025-04-30,Cheating,Moderate,PHYS101,TA,13,False
2025-04-30,Unauthorized AI Use,Major,PHYS101,TA,13,False
2025-04-30,Cheating,Major,PHYS101,Instructor,18,False
2025-04-30,Fabrication,Minor,PHYS101,Administrator,13,False
2025-04-30,Facilitation,Minor,PHYS101,Peer,17,False
2025-04-30,Facilitation,Minor,MATH101,Administrator,10,False
2025-05-01,Cheating,Major,CS101,TA,13,False
2025-05-01,Facilitation,Major,CS101,Instructor,17,False
2025-05-01,Cheating,Moderate,MATH101,Administrator,23,False
2025-05-01,Plagiarism,Major,CS101,TA,15,False
2025-05-01,Cheating,Moderate,PHYS101,TA,16,False
2025-05-01,Cheating,Moderate,MATH101,Administrator,12,False
2025-05-01,Cheating,Moderate,ENG101,Instructor,16,False
2025-05-02,Unauthorized AI Use,Minor,CS201,TA,17,False
2025-05-02,Fabrication,Moderate,MATH101,Instructor,12,False
2025-05-02,Unauthorized AI Use,Moderate,ENG101,Peer,18,False
2025-05-02,Unauthorized AI Use,Moderate,PHYS101,TA,19,False
2025-05-02,Plagiarism,Major,CS201,Peer,11,False
2025-05-02,Unauthorized AI Use,Minor,CS101,Instructor,22,False
2025-05-02,Facilitation,Minor,PHYS101,TA,20,False
2025-05-03,Fabrication,Major,ENG101,Instructor,12,False
2025-05-03,Plagiarism,Moderate,PHYS101,Administrator,14,False
2025-05-03,Unauthorized AI Use,Moderate,CS201,TA,8,False
2025-05-03,Facilitation,Moderate,PHYS101,Instructor,14,False
2025-05-03,Facilitation,Major,CS101,Peer,9,True
2025-05-03,Plagiarism,Minor,CS201,Administrator,14,False
2025-05-04,Plagiarism,Minor,MATH101,Peer,8,False
2025-05-04,Fabrication,Major,CS101,Instructor,15,False
2025-05-04,Plagiarism,Major,PHYS101,Peer,23,False
2025-05-04,Cheating,Moderate,CS201,Peer,13,False
2025-05-04,Plagiarism,Major,MATH101,Administrator,20,False
2025-05-04,Plagiarism,Minor,MATH101,Administrator,15,False
2025-05-04,Plagiarism,Minor,CS101,Administrator,6,True
2025-05-04,Plagiarism,Minor,MATH101,Peer,20,False
2025-05-04,Fabrication,Moderate,CS201,Instructor,14,True
2025-05-05,Facilitation,Minor,ENG101,Instructor,10,False
2025-05-05,Plagiarism,Moderate,ENG101,TA,17,True
2025-05-05,Plagiarism,Moderate,PHYS101,Instructor,25,True
2025-05-05,Unauthorized AI Use,Moderate,CS201,Instructor,11,False
2025-05-05,Unauthorized AI Use,Major,MATH101,Peer,18,True
2025-05-05,Plagiarism,Major,CS201,Administrator,22,True
2025-05-05,Cheating,Major,CS201,Administrator,13,False
2025-05-05,Fabrication,Major,CS201,TA,13,False
2025-05-05,Cheating,Moderate,PHYS101,TA,20,False
2025-05-05,Cheating,Minor,PHYS101,Instructor,15,False
2025-05-06,Plagiarism,Major,ENG101,Administrator,16,True
2025-05-06,Facilitation,Major,MATH101,Administrator,24,False
2025-05-07,Fabrication,Moderate,ENG101,Instructor,10,False
2025-05-07,Facilitation,Minor,CS101,TA,17,False
2025-05-07,Cheating,Moderate,CS101,Instructor,11,False
2025-05-07,Facilitation,Minor,MATH101,Instructor,20,False
2025-05-07,Fabrication,Moderate,CS101,Administrator,12,False
2025-05-07,Plagiarism,Minor,ENG101,Peer,17,False
2025-05-07,Facilitation,Minor,MATH101,Administrator,20,False
2025-05-07,Plagiarism,Major,CS201,TA,14,False
2025-05-07,Cheating,Moderate,CS101,Instructor,16,True
2025-05-07,Cheating,Minor,ENG101,Instructor,11,False
2025-05-07,Plagiarism,Moderate,CS201,Administrator,14,False
2025-05-07,Cheating,Moderate,MATH101,Peer,15,False
2025-05-07,Cheating,Moderate,CS101,Peer,20,False
2025-05-07,Plagiarism,Moderate,ENG101,Peer,14,False
2025-05-08,Fabrication,Moderate,MATH101,Instructor,10,False
2025-05-08,Plagiarism,Moderate,ENG101,TA,11,False
2025-05-08,Cheating,Minor,MATH101,Instructor,10,False
2025-05-08,Fabrication,Moderate,PHYS101,Peer,14,False
2025-05-08,Facilitation,Moderate,CS201,Administrator,13,False
2025-05-08,Plagiarism,Minor,ENG101,Administrator,12,True
2025-05-08,Fabrication,Major,CS101,Instructor,10,False
2025-05-08,Plagiarism,Major,ENG101,Administrator,18,False
2025-05-08,Cheating,Minor,CS201,Administrator,15,True
2025-05-09,Unauthorized AI Use,Minor,CS201,Instructor,19,False
2025-05-09,Fabrication,Moderate,ENG101,TA,16,False
2025-05-09,Plagiarism,Moderate,MATH101,Administrator,17,True
2025-05-09,Plagiarism,Moderate,PHYS101,Instructor,20,True
2025-05-09,Fabrication,Major,MATH101,Administrator,17,False
2025-05-09,Cheating,Minor,CS101,Administrator,12,False
2025-05-09,Fabrication,Major,ENG101,Administrator,16,False
2025-05-10,Unauthorized AI Use,Minor,PHYS101,Instructor,19,False
2025-05-10,Plagiarism,Minor,PHYS101,Instructor,16,False
2025-05-10,Plagiarism,Moderate,ENG101,TA,16,False
2025-05-10,Cheating,Major,PHYS101,TA,13,True
2025-05-10,Facilitation,Moderate,CS201,Administrator,16,False
2025-05-10,Unauthorized AI Use,Major,CS101,Peer,23,False
2025-05-10,Cheating,Major,MATH101,TA,12,False
2025-05-10,Plagiarism,Moderate,CS201,TA,8,False
2025-05-11,Unauthorized AI Use,Major,CS101,Peer,17,False
2025-05-11,Cheating,Moderate,PHYS101,Peer,10,True
2025-05-11,Plagiarism,Major,CS101,Peer,22,False
2025-05-11,Fabrication,Minor,CS101,TA,16,False
2025-05-12,Fabrication,Minor,CS201,Administrator,17,False
2025-05-12,Unauthorized AI Use,Moderate,MATH101,TA,13,False
2025-05-12,Plagiarism,Major,MATH101,Administrator,21,False
2025-05-12,Cheating,Moderate,CS201,Peer,23,False
2025-05-12,Cheating,Moderate,CS201,Instructor,19,False
2025-05-12,Unauthorized AI Use,Major,CS101,Instructor,15,False
2025-05-13,Fabrication,Major,ENG101,Administrator,11,False
2025-05-13,Plagiarism,Major,CS201,TA,16,False
2025-05-13,Fabrication,Major,CS201,TA,23,False
2025-05-13,Plagiarism,Minor,CS101,Peer,13,False
2025-05-13,Unauthorized AI Use,Moderate,MATH101,Administrator,18,False
2025-05-13,Plagiarism,Minor,PHYS101,Peer,17,False
2025-05-13,Plagiarism,Moderate,CS201,Instructor,21,False
2025-05-13,Cheating,Moderate,CS201,Peer,18,False
2025-05-13,Cheating,Minor,ENG101,Administrator,15,False
2025-05-13,Cheating,Moderate,CS201,TA,8,False
2025-05-14,Unauthorized AI Use,Major,CS101,TA,12,True
2025-05-14,Plagiarism,Minor,MATH101,Instructor,14,True
2025-05-14,Facilitation,Major,PHYS101,Administrator,15,False
2025-05-14,Facilitation,Moderate,PHYS101,TA,12,False
2025-05-14,Plagiarism,Moderate,MATH101,Instructor,10,False
2025-05-14,Plagiarism,Major,PHYS101,Instructor,17,False
2025-05-14,Cheating,Moderate,CS201,TA,11,False
2025-05-14,Plagiarism,Major,CS201,Peer,13,True
2025-05-15,Cheating,Minor,PHYS101,Instructor,14,False
2025-05-15,Cheating,Major,PHYS101,Administrator,17,False
2025-05-15,Unauthorized AI Use,Major,CS201,TA,16,True
2025-05-15,Cheating,Moderate,PHYS101,Instructor,21,False
2025-05-15,Fabrication,Minor,CS101,Administrator,17,False
2025-05-15,Plagiarism,Moderate,CS201,Peer,19,False
2025-05-15,Plagiarism,Moderate,ENG101,Instructor,24,False
2025-05-16,Plagiarism,Major,CS201,TA,12,False
2025-05-16,Cheating,Minor,CS101,Instructor,18,False
2025-05-16,Plagiarism,Moderate,CS101,Instructor,10,False
2025-05-16,Fabrication,Minor,CS201,Peer,13,False
2025-05-16,Cheating,Moderate,MATH101,Peer,11,False
2025-05-16,Plagiarism,Major,CS201,Instructor,17,False
2025-05-16,Fabrication,Minor,MATH101,Administrator,16,False
2025-05-16,Fabrication,Major,PHYS101,Peer,14,False
2025-05-17,Plagiarism,Minor,CS201,Peer,17,False
2025-05-17,Cheating,Moderate,ENG101,Administrator,13,False
2025-05-17,Unauthorized AI Use,Minor,PHYS101,Instructor,15,False
2025-05-17,Plagiarism,Moderate,PHYS101,TA,10,False
2025-05-17,Cheating,Major,MATH101,Peer,15,False
2025-05-18,Unauthorized AI Use,Major,CS201,TA,17,True
2025-05-18,Plagiarism,Moderate,CS201,TA,15,False
2025-05-18,Plagiarism,Moderate,CS201,Instructor,12,False
2025-05-18,Plagiarism,Major,CS101,TA,19,False
2025-05-18,Facilitation,Major,CS201,TA,12,False
2025-05-18,Fabrication,Major,ENG101,Administrator,13,False
2025-05-18,Fabrication,Moderate,PHYS101,Instructor,15,False
2025-05-18,Unauthorized AI Use,Minor,PHYS101,TA,16,False
2025-05-19,Cheating,Minor,ENG101,TA,17,True
2025-05-19,Fabrication,Major,CS201,TA,10,False
2025-05-19,Plagiarism,Major,ENG101,Peer,16,True
2025-05-19,Cheating,Minor,PHYS101,Peer,13,True
2025-05-19,Fabrication,Major,CS201,Instructor,14,False
2025-05-20,Cheating,Major,MATH101,Administrator,9,False
2025-05-20,Plagiarism,Major,CS101,Instructor,11,True
2025-05-20,Facilitation,Moderate,MATH101,Peer,10,False
2025-05-20,Unauthorized AI Use,Moderate,CS201,Instructor,18,False
2025-05-21,Cheating,Moderate,CS201,TA,16,False
2025-05-21,Plagiarism,Moderate,CS101,Peer,10,False
2025-05-21,Cheating,Major,CS201,TA,10,False
2025-05-21,Plagiarism,Moderate,CS201,TA,9,False
2025-05-21,Cheating,Moderate,CS101,Administrator,18,False
2025-05-21,Cheating,Minor,PHYS101,Administrator,10,False
2025-05-22,Cheating,Moderate,ENG101,Instructor,14,False
2025-05-22,Cheating,Minor,CS201,Instructor,14,False
2025-05-22,Fabrication,Minor,CS201,Instructor,13,False
2025-05-22,Plagiarism,Moderate,CS101,Peer,13,True
2025-05-22,Plagiarism,Minor,PHYS101,Peer,13,False
2025-05-22,Unauthorized AI Use,Moderate,PHYS101,TA,26,True
2025-05-23,Fabrication,Moderate,ENG101,TA,11,False
2025-05-23,Unauthorized AI Use,Minor,CS101,TA,18,False
2025-05-23,Facilitation,Moderate,CS101,Instructor,21,False
2025-05-23,Cheating,Moderate,CS201,Instructor,22,True
2025-05-23,Plagiarism,Minor,MATH101,Administrator,15,False
2025-05-23,Cheating,Major,PHYS101,Administrator,15,False
2025-05-23,Cheating,Major,ENG101,Peer,14,False
2025-05-23,Fabrication,Major,CS101,Instructor,17,False
2025-05-24,Unauthorized AI Use,Moderate,ENG101,Peer,17,True
2025-05-24,Facilitation,Moderate,PHYS101,Administrator,17,False
2025-05-24,Fabrication,Moderate,CS101,Peer,13,True
2025-05-24,Unauthorized AI Use,Minor,PHYS101,Instructor,14,True
2025-05-24,Fabrication,Major,CS201,Peer,12,False
2025-05-24,Cheating,Minor,ENG101,Peer,12,False
2025-05-24,Fabrication,Moderate,MATH101,TA,15,False
2025-05-24,Fabrication,Moderate,PHYS101,Instructor,15,False
2025-05-24,Unauthorized AI Use,Moderate,ENG101,Instructor,13,False
2025-05-25,Cheating,Minor,PHYS101,Peer,20,False
2025-05-25,Unauthorized AI Use,Moderate,MATH101,Peer,18,False
2025-05-25,Cheating,Moderate,MATH101,Administrator,12,False
2025-05-25,Cheating,Moderate,CS201,Instructor,17,False
2025-05-25,Fabrication,Moderate,ENG101,Administrator,23,True
2025-05-26,Unauthorized AI Use,Minor,MATH101,TA,12,False
2025-05-26,Cheating,Minor,CS101,TA,13,False
2025-05-26,Unauthorized AI Use,Major,CS101,Peer,14,False
2025-05-26,Fabrication,Minor,ENG101,Peer,9,False
2025-05-26,Plagiarism,Major,PHYS101,TA,18,False
2025-05-27,Fabrication,Minor,ENG101,Instructor,5,False
2025-05-27,Unauthorized AI Use,Moderate,PHYS101,TA,13,False
2025-05-27,Cheating,Minor,MATH101,Peer,21,True
2025-05-27,Plagiarism,Moderate,MATH101,TA,15,True
2025-05-27,Unauthorized AI Use,Moderate,CS101,TA,13,False
2025-05-27,Facilitation,Major,CS201,Instructor,15,False
2025-05-27,Cheating,Minor,CS101,Peer,16,False
2025-05-27,Plagiarism,Minor,ENG101,TA,20,False
2025-05-27,Fabrication,Minor,CS101,TA,19,False
2025-05-28,Cheating,Minor,MATH101,TA,17,False
2025-05-28,Fabrication,Major,PHYS101,Administrator,17,False
2025-05-28,Unauthorized AI Use,Moderate,MATH101,Administrator,19,True
2025-05-28,Cheating,Minor,ENG101,Administrator,15,True
2025-05-28,Cheating,Major,ENG101,Instructor,11,True
2025-05-28,Unauthorized AI Use,Minor,ENG101,Administrator,14,False
2025-05-28,Plagiarism,Minor,CS101,Peer,10,False
2025-05-29,Fabrication,Major,ENG101,TA,14,False
2025-05-29,Cheating,Major,PHYS101,Peer,14,False
2025-05-29,Cheating,Moderate,CS201,Administrator,16,False
2025-05-29,Unauthorized AI Use,Major,ENG101,Peer,17,False
2025-05-29,Plagiarism,Moderate,MATH101,TA,9,False
2025-05-29,Plagiarism,Minor,MATH101,TA,13,False
2025-05-29,Fabrication,Moderate,MATH101,Administrator,11,True
2025-05-29,Plagiarism,Moderate,CS101,Peer,13,False
2025-05-29,Plagiarism,Major,PHYS101,Peer,18,False
2025-05-29,Plagiarism,Major,CS101,Peer,25,False
2025-05-29,Fabrication,Moderate,CS201,Administrator,14,True
2025-05-30,Plagiarism,Minor,PHYS101,Administrator,17,False
2025-05-30,Unauthorized AI Use,Moderate,ENG101,Peer,13,False
2025-05-30,Plagiarism,Major,ENG101,TA,18,False
2025-05-30,Cheating,Major,CS201,TA,17,False
2025-05-30,Plagiarism,Moderate,ENG101,Administrator,18,False
2025-05-31,Cheating,Moderate,PHYS101,Peer,13,False
2025-05-31,Cheating,Moderate,MATH101,Instructor,12,False
2025-05-31,Facilitation,Moderate,CS101,Peer,21,False
2025-05-31,Plagiarism,Major,MATH101,TA,11,False
2025-05-31,Unauthorized AI Use,Minor,CS101,Administrator,20,False
2025-05-31,Fabrication,Minor,CS201,Instructor,16,False
2025-05-31,Facilitation,Moderate,PHYS101,TA,13,False
2025-06-01,Unauthorized AI Use,Major,MATH101,Administrator,18,False
2025-06-01,Cheating,Minor,CS201,Instructor,9,False
2025-06-01,Unauthorized AI Use,Major,CS201,Administrator,13,False
2025-06-01,Plagiarism,Minor,CS101,Peer,11,False
2025-06-01,Plagiarism,Major,MATH101,Instructor,11,False
2025-06-02,Plagiarism,Minor,MATH101,TA,20,False
2025-06-02,Fabrication,Moderate,PHYS101,Administrator,23,False
2025-06-02,Unauthorized AI Use,Minor,CS101,Peer,14,True
2025-06-03,Cheating,Major,PHYS101,Peer,10,False
2025-06-03,Cheating,Minor,CS201,Peer,14,False
2025-06-03,Fabrication,Moderate,CS101,Peer,11,False
2025-06-03,Plagiarism,Major,MATH101,Administrator,12,False
2025-06-03,Plagiarism,Moderate,ENG101,Administrator,16,False
2025-06-03,Plagiarism,Minor,CS101,Administrator,18,False
2025-06-03,Cheating,Major,CS201,Peer,21,False
2025-06-03,Unauthorized AI Use,Major,PHYS101,Instructor,8,False
2025-06-04,Plagiarism,Moderate,CS101,Administrator,14,False
2025-06-04,Cheating,Major,CS101,Administrator,18,False
2025-06-04,Cheating,Moderate,MATH101,TA,13,False
2025-06-04,Unauthorized AI Use,Moderate,MATH101,Instructor,17,False
2025-06-04,Cheating,Major,ENG101,Administrator,18,False
2025-06-05,Plagiarism,Moderate,ENG101,Peer,14,True
2025-06-05,Fabrication,Major,ENG101,Administrator,11,False
2025-06-06,Plagiarism,Minor,MATH101,TA,7,False
2025-06-06,Plagiarism,Moderate,CS201,Instructor,13,False
2025-06-06,Unauthorized AI Use,Minor,CS101,Instructor,9,False
2025-06-07,Fabrication,Moderate,CS201,Peer,21,False
2025-06-07,Plagiarism,Minor,PHYS101,Administrator,12,False
2025-06-07,Unauthorized AI Use,Moderate,CS201,TA,17,False
2025-06-08,Plagiarism,Major,MATH101,Administrator,24,False
2025-06-08,Plagiarism,Major,PHYS101,Administrator,16,False
2025-06-08,Cheating,Moderate,MATH101,Administrator,9,False
2025-06-08,Cheating,Minor,PHYS101,Administrator,20,False
2025-06-09,Unauthorized AI Use,Moderate,PHYS101,Instructor,13,True
2025-06-09,Plagiarism,Moderate,PHYS101,TA,18,False
2025-06-09,Cheating,Moderate,PHYS101,TA,11,False
2025-06-09,Cheating,Minor,PHYS101,Administrator,15,True
2025-06-09,Plagiarism,Moderate,ENG101,Administrator,17,False
2025-06-10,Unauthorized AI Use,Moderate,PHYS101,Administrator,18,False
2025-06-10,Cheating,Minor,MATH101,TA,14,False
2025-06-10,Unauthorized AI Use,Moderate,CS101,TA,21,False
2025-06-10,Unauthorized AI Use,Major,CS101,Peer,13,False
2025-06-11,Cheating,Major,ENG101,Instructor,29,False
2025-06-11,Cheating,Moderate,MATH101,Instructor,14,False
2025-06-11,Cheating,Minor,ENG101,TA,13,False
2025-06-11,Plagiarism,Major,PHYS101,TA,18,False
2025-06-11,Cheating,Major,CS101,Administrator,18,False
2025-06-12,Plagiarism,Major,ENG101,TA,18,False
2025-06-12,Cheating,Moderate,CS201,Administrator,22,False
2025-06-12,Cheating,Minor,PHYS101,Instructor,21,False
2025-06-12,Unauthorized AI Use,Minor,MATH101,Peer,14,False
2025-06-12,Fabrication,Major,ENG101,Peer,12,False
2025-06-12,Plagiarism,Major,CS201,Peer,10,False
2025-06-13,Fabrication,Moderate,CS101,TA,12,False
2025-06-13,Cheating,Moderate,PHYS101,Administrator,15,False
2025-06-13,Fabrication,Minor,CS201,TA,17,True
2025-06-13,Plagiarism,Major,CS101,Administrator,14,True
2025-06-14,Plagiarism,Major,CS201,Administrator,13,False
2025-06-14,Plagiarism,Major,MATH101,TA,10,False
2025-06-14,Fabrication,Moderate,MATH101,Administrator,11,False
2025-06-14,Unauthorized AI Use,Major,CS201,TA,14,False
2025-06-14,Unauthorized AI Use,Moderate,ENG101,Peer,18,False
2025-06-14,Unauthorized AI Use,Major,ENG101,Instructor,16,False
2025-06-15,Plagiarism,Major,PHYS101,Administrator,19,False
2025-06-15,Fabrication,Moderate,ENG101,Administrator,15,False
2025-06-15,Unauthorized AI Use,Major,PHYS101,Administrator,24,False
2025-06-15,Unauthorized AI Use,Moderate,MATH101,Instructor,16,False
2025-06-15,Fabrication,Moderate,PHYS101,TA,11,True
2025-06-15,Plagiarism,Moderate,ENG101,Peer,12,False
2025-06-16,Cheating,Moderate,CS201,TA,14,False
2025-06-16,Plagiarism,Major,PHYS101,Peer,18,False
2025-06-16,Plagiarism,Moderate,ENG101,Administrator,15,False
2025-06-16,Plagiarism,Moderate,PHYS101,Administrator,12,False
2025-06-16,Plagiarism,Major,ENG101,TA,9,False
2025-06-16,Unauthorized AI Use,Moderate,CS201,Instructor,21,False
2025-06-16,Unauthorized AI Use,Moderate,ENG101,Administrator,13,True
2025-06-16,Facilitation,Moderate,ENG101,Administrator,8,False
2025-06-16,Unauthorized AI Use,Moderate,MATH101,TA,12,False
2025-06-17,Plagiarism,Moderate,CS101,TA,13,False
2025-06-17,Cheating,Moderate,MATH101,Instructor,11,False
2025-06-17,Cheating,Moderate,CS101,Peer,19,False
2025-06-17,Unauthorized AI Use,Major,ENG101,Administrator,12,False
2025-06-17,Plagiarism,Moderate,CS101,TA,15,False
2025-06-18,Unauthorized AI Use,Moderate,CS201,Administrator,12,False
2025-06-18,Plagiarism,Major,PHYS101,TA,9,False
2025-06-18,Unauthorized AI Use,Moderate,PHYS101,Peer,13,False
2025-06-18,Unauthorized AI Use,Moderate,CS101,TA,21,False
2025-06-18,Plagiarism,Moderate,MATH101,Peer,15,False
2025-06-18,Fabrication,Minor,PHYS101,Administrator,11,False
2025-06-18,Unauthorized AI Use,Minor,PHYS101,Peer,13,False
2025-06-18,Fabrication,Major,ENG101,Peer,14,False
2025-06-18,Unauthorized AI Use,Major,CS201,TA,20,False
2025-06-18,Plagiarism,Moderate,MATH101,Administrator,19,False
2025-06-19,Plagiarism,Major,ENG101,Peer,20,False
2025-06-19,Plagiarism,Minor,CS201,Instructor,9,False
2025-06-19,Fabrication,Minor,PHYS101,Administrator,24,False
2025-06-19,Facilitation,Major,PHYS101,Peer,14,False
2025-06-19,Facilitation,Moderate,CS101,Instructor,17,False
2025-06-19,Cheating,Moderate,ENG101,Peer,17,True
2025-06-19,Unauthorized AI Use,Major,ENG101,TA,10,False
2025-06-19,Plagiarism,Minor,MATH101,TA,14,False
2025-06-19,Cheating,Minor,CS201,Peer,15,True
2025-06-19,Facilitation,Minor,MATH101,Administrator,12,True
2025-06-19,Cheating,Minor,PHYS101,Peer,16,False
2025-06-19,Fabrication,Moderate,ENG101,TA,19,False
2025-06-20,Cheating,Major,MATH101,TA,14,False
2025-06-20,Cheating,Moderate,MATH101,Administrator,19,False
2025-06-20,Plagiarism,Minor,MATH101,Instructor,14,False
2025-06-20,Cheating,Moderate,CS101,TA,13,False
2025-06-20,Plagiarism,Moderate,CS101,Peer,19,False
2025-06-21,Cheating,Minor,ENG101,Instructor,12,False
2025-06-21,Plagiarism,Moderate,MATH101,TA,16,False
2025-06-21,Cheating,Minor,CS101,TA,18,False
2025-06-21,Plagiarism,Moderate,CS101,Instructor,19,False
2025-06-21,Plagiarism,Moderate,CS201,Peer,13,False
2025-06-21,Cheating,Major,MATH101,TA,18,False
2025-06-21,Facilitation,Moderate,MATH101,Instructor,12,False
2025-06-21,Cheating,Moderate,ENG101,Peer,12,False
2025-06-21,Unauthorized AI Use,Moderate,CS201,Peer,15,False
2025-06-22,Plagiarism,Major,CS201,TA,22,False
2025-06-22,Fabrication,Moderate,CS101,TA,17,True
2025-06-22,Cheating,Minor,PHYS101,TA,20,False
2025-06-22,Plagiarism,Major,PHYS101,TA,19,False
2025-06-22,Cheating,Moderate,ENG101,TA,23,False
2025-06-22,Unauthorized AI Use,Moderate,ENG101,TA,12,False
2025-06-23,Plagiarism,Major,ENG101,Peer,15,False
2025-06-23,Cheating,Moderate,ENG101,Peer,18,False
2025-06-23,Unauthorized AI Use,Moderate,PHYS101,TA,17,False
2025-06-23,Facilitation,Moderate,MATH101,Administrator,17,False
2025-06-23,Cheating,Moderate,MATH101,TA,13,False
2025-06-23,Fabrication,Minor,CS201,Instructor,15,False
2025-06-23,Unauthorized AI Use,Major,MATH101,Administrator,21,True
2025-06-23,Plagiarism,Major,CS201,Administrator,20,True
2025-06-23,Fabrication,Minor,PHYS101,Instructor,13,False
2025-06-23,Unauthorized AI Use,Minor,PHYS101,TA,19,False
2025-06-23,Unauthorized AI Use,Major,MATH101,Peer,16,False
2025-06-23,Cheating,Moderate,PHYS101,Peer,20,False
2025-06-24,Plagiarism,Major,CS201,Administrator,15,False
2025-06-24,Unauthorized AI Use,Moderate,PHYS101,TA,16,False
2025-06-25,Fabrication,Minor,CS201,Instructor,17,False
2025-06-25,Facilitation,Minor,MATH101,Peer,20,False
2025-06-25,Cheating,Minor,ENG101,Peer,12,False
2025-06-25,Plagiarism,Major,ENG101,Administrator,9,True
2025-06-25,Unauthorized AI Use,Moderate,PHYS101,Peer,17,False
2025-06-25,Fabrication,Minor,PHYS101,Peer,18,False
2025-06-25,Fabrication,Minor,CS201,Instructor,10,False
2025-06-25,Plagiarism,Major,CS201,Peer,13,True
2025-06-26,Fabrication,Minor,MATH101,TA,12,False
2025-06-26,Cheating,Moderate,ENG101,Instructor,11,False
2025-06-26,Cheating,Minor,PHYS101,Instructor,12,False
2025-06-26,Cheating,Moderate,CS201,Instructor,15,False
2025-06-26,Facilitation,Moderate,ENG101,TA,15,True
2025-06-26,Fabrication,Minor,CS101,Peer,16,False
2025-06-26,Facilitation,Minor,MATH101,TA,14,False
2025-06-26,Cheating,Major,PHYS101,TA,17,False
2025-06-26,Unauthorized AI Use,Minor,MATH101,Instructor,19,False
2025-06-26,Unauthorized AI Use,Moderate,CS101,TA,15,True
2025-06-27,Cheating,Minor,MATH101,Instructor,18,False
2025-06-27,Plagiarism,Moderate,ENG101,Administrator,13,False
2025-06-27,Plagiarism,Minor,CS201,Instructor,12,False
2025-06-27,Unauthorized AI Use,Moderate,ENG101,TA,19,False
2025-06-27,Cheating,Moderate,MATH101,Peer,23,False
2025-06-27,Unauthorized AI Use,Major,MATH101,Peer,14,True
2025-06-27,Unauthorized AI Use,Minor,MATH101,Peer,17,False
2025-06-27,Unauthorized AI Use,Moderate,MATH101,TA,17,False
2025-06-28,Cheating,Moderate,PHYS101,TA,21,False
2025-06-28,Plagiarism,Major,PHYS101,Peer,14,False
2025-06-28,Facilitation,Minor,CS101,Administrator,14,False
2025-06-29,Plagiarism,Minor,PHYS101,TA,19,True
2025-06-29,Cheating,Major,CS101,Administrator,10,True
2025-06-29,Plagiarism,Minor,CS201,Administrator,16,False
2025-06-29,Plagiarism,Moderate,CS201,Administrator,10,False
2025-06-29,Plagiarism,Major,ENG101,Instructor,16,False
2025-06-29,Plagiarism,Moderate,PHYS101,Instructor,14,False
2025-06-30,Fabrication,Minor,MATH101,Administrator,21,False
2025-06-30,Cheating,Major,PHYS101,Peer,10,True
2025-06-30,Plagiarism,Minor,CS101,TA,12,False
2025-06-30,Unauthorized AI Use,Moderate,CS101,TA,7,False
2025-07-01,Cheating,Moderate,PHYS101,Peer,15,False
2025-07-01,Facilitation,Moderate,ENG101,TA,22,False
2025-07-01,Cheating,Major,MATH101,Administrator,14,False
2025-07-01,Plagiarism,Major,MATH101,Administrator,16,False
2025-07-01,Unauthorized AI Use,Minor,ENG101,TA,14,False
2025-07-01,Cheating,Moderate,ENG101,Peer,17,False
2025-07-01,Fabrication,Major,CS201,Peer,22,False
2025-07-01,Facilitation,Minor,CS201,Administrator,16,False
2025-07-02,Facilitation,Major,CS101,Peer,20,False
2025-07-02,Facilitation,Major,PHYS101,Peer,14,False
2025-07-02,Fabrication,Major,CS101,TA,19,False
2025-07-02,Fabrication,Major,CS101,TA,16,False
2025-07-02,Fabrication,Major,ENG101,Instructor,20,False
2025-07-02,Plagiarism,Moderate,CS201,Instructor,12,True
2025-07-03,Plagiarism,Moderate,ENG101,TA,19,False
2025-07-03,Fabrication,Moderate,PHYS101,TA,18,False
2025-07-03,Cheating,Moderate,MATH101,Peer,16,False
2025-07-03,Unauthorized AI Use,Major,CS101,TA,15,False
2025-07-03,Plagiarism,Major,CS101,Peer,12,False
2025-07-03,Unauthorized AI Use,Moderate,PHYS101,Instructor,15,False
2025-07-03,Plagiarism,Major,CS201,Peer,15,False
2025-07-03,Plagiarism,Minor,PHYS101,Administrator,10,False
2025-07-03,Plagiarism,Moderate,PHYS101,TA,16,False
2025-07-04,Cheating,Minor,PHYS101,Administrator,15,False
2025-07-04,Plagiarism,Moderate,MATH101,TA,23,False
2025-07-04,Cheating,Major,ENG101,Administrator,14,True
2025-07-04,Fabrication,Moderate,PHYS101,TA,12,False
2025-07-04,Plagiarism,Moderate,CS101,Peer,9,True
2025-07-04,Plagiarism,Major,ENG101,TA,19,False
2025-07-04,Plagiarism,Moderate,MATH101,Administrator,16,False
2025-07-05,Cheating,Moderate,CS101,Peer,14,False
2025-07-05,Facilitation,Moderate,MATH101,Instructor,18,False
2025-07-05,Plagiarism,Minor,CS201,TA,8,False
2025-07-05,Plagiarism,Moderate,CS201,TA,19,False
2025-07-05,Facilitation,Major,ENG101,Instructor,17,True
2025-07-05,Plagiarism,Major,CS201,Peer,10,True
2025-07-05,Unauthorized AI Use,Major,MATH101,TA,10,True
2025-07-05,Cheating,Major,MATH101,Peer,11,True
2025-07-06,Cheating,Major,ENG101,Administrator,15,False
2025-07-06,Fabrication,Minor,MATH101,Administrator,12,True
2025-07-06,Cheating,Minor,CS101,TA,14,False
2025-07-06,Plagiarism,Minor,CS201,Instructor,16,False
2025-07-06,Plagiarism,Major,PHYS101,Instructor,10,False
2025-07-06,Unauthorized AI Use,Major,PHYS101,Administrator,19,False
2025-07-06,Cheating,Moderate,MATH101,Administrator,12,True
2025-07-06,Cheating,Major,ENG101,Administrator,23,False
2025-07-06,Cheating,Minor,MATH101,Administrator,18,False
2025-07-07,Plagiarism,Minor,MATH101,TA,16,False
2025-07-07,Fabrication,Major,MATH101,Instructor,17,True
2025-07-07,Facilitation,Minor,CS201,TA,17,False
2025-07-07,Cheating,Minor,CS201,Administrator,18,False
2025-07-07,Plagiarism,Major,PHYS101,Peer,11,False
2025-07-07,Unauthorized AI Use,Moderate,CS201,Administrator,12,False
2025-07-07,Fabrication,Minor,PHYS101,Instructor,17,False
2025-07-07,Cheating,Major,MATH101,TA,16,False
2025-07-08,Cheating,Moderate,ENG101,Instructor,14,False
2025-07-08,Plagiarism,Major,PHYS101,Administrator,16,False
2025-07-08,Facilitation,Major,PHYS101,Administrator,19,False
2025-07-08,Cheating,Moderate,CS101,Instructor,17,False
2025-07-09,Cheating,Moderate,ENG101,Administrator,12,False
2025-07-09,Unauthorized AI Use,Moderate,CS201,TA,22,False
2025-07-09,Unauthorized AI Use,Major,MATH101,Administrator,16,False
2025-07-09,Fabrication,Minor,MATH101,Administrator,13,False
2025-07-09,Plagiarism,Major,CS101,Peer,18,False
2025-07-09,Fabrication,Minor,PHYS101,Administrator,20,False
2025-07-09,Cheating,Moderate,CS201,Peer,16,False
2025-07-09,Facilitation,Major,CS101,Instructor,13,True
2025-07-09,Plagiarism,Major,CS101,Instructor,13,True
2025-07-09,Cheating,Moderate,ENG101,Administrator,17,False
2025-07-09,Plagiarism,Major,CS101,Administrator,13,False
2025-07-10,Plagiarism,Minor,PHYS101,Peer,20,True
2025-07-10,Plagiarism,Minor,MATH101,Instructor,12,False
2025-07-10,Facilitation,Major,CS201,Administrator,17,False
2025-07-10,Cheating,Moderate,PHYS101,Instructor,16,False
2025-07-10,Cheating,Moderate,MATH101,Peer,15,False
2025-07-10,Plagiarism,Moderate,CS101,Administrator,20,False
2025-07-10,Cheating,Major,PHYS101,TA,12,False
2025-07-10,Plagiarism,Moderate,ENG101,TA,16,False
2025-07-10,Facilitation,Moderate,CS101,TA,24,True
2025-07-10,Cheating,Moderate,MATH101,Administrator,16,False
2025-07-10,Plagiarism,Moderate,ENG101,TA,15,False
2025-07-10,Fabrication,Moderate,ENG101,TA,12,False
2025-07-11,Plagiarism,Moderate,CS201,Administrator,15,False
2025-07-11,Unauthorized AI Use,Moderate,ENG101,Administrator,13,True
2025-07-11,Plagiarism,Major,CS201,Peer,19,True
2025-07-11,Plagiarism,Major,PHYS101,TA,10,False
2025-07-11,Cheating,Major,MATH101,Administrator,17,False
2025-07-11,Cheating,Moderate,CS201,Instructor,8,False
2025-07-11,Fabrication,Moderate,CS101,Peer,17,False
2025-07-11,Unauthorized AI Use,Moderate,CS201,TA,12,True
2025-07-11,Unauthorized AI Use,Major,ENG101,Instructor,17,False
2025-07-12,Fabrication,Moderate,CS201,TA,16,False
2025-07-12,Fabrication,Minor,PHYS101,TA,16,False
2025-07-12,Facilitation,Moderate,ENG101,TA,18,False
2025-07-12,Unauthorized AI Use,Moderate,CS101,Instructor,10,True
2025-07-12,Unauthorized AI Use,Major,CS201,Peer,17,False
2025-07-12,Unauthorized AI Use,Moderate,MATH101,TA,9,False
2025-07-12,Plagiarism,Major,CS201,Peer,10,False
2025-07-12,Cheating,Major,ENG101,Administrator,15,False
2025-07-12,Plagiarism,Major,MATH101,TA,15,False
2025-07-12,Cheating,Moderate,PHYS101,TA,18,False
2025-07-13,Unauthorized AI Use,Minor,CS201,Administrator,14,False
2025-07-13,Facilitation,Minor,CS201,Peer,18,True
2025-07-13,Fabrication,Moderate,CS201,Peer,11,False
2025-07-13,Facilitation,Moderate,CS101,Peer,26,False
2025-07-13,Plagiarism,Moderate,CS101,Peer,10,True
2025-07-14,Facilitation,Moderate,CS101,Administrator,21,False
2025-07-14,Cheating,Moderate,ENG101,Administrator,22,False
2025-07-14,Unauthorized AI Use,Major,PHYS101,Instructor,20,False
2025-07-14,Cheating,Minor,CS201,Instructor,11,False
2025-07-14,Cheating,Moderate,PHYS101,TA,12,False
2025-07-14,Unauthorized AI Use,Minor,MATH101,TA,21,False
2025-07-14,Fabrication,Minor,CS201,Administrator,17,False
2025-07-15,Plagiarism,Major,CS101,TA,19,False
2025-07-15,Unauthorized AI Use,Minor,PHYS101,Peer,18,False
2025-07-15,Plagiarism,Major,CS201,Peer,7,False
2025-07-15,Unauthorized AI Use,Moderate,PHYS101,Instructor,15,True
2025-07-15,Plagiarism,Major,MATH101,Administrator,12,False
2025-07-15,Cheating,Moderate,PHYS101,Administrator,16,False
2025-07-15,Cheating,Major,MATH101,Administrator,15,False
2025-07-15,Plagiarism,Moderate,CS101,TA,10,False
2025-07-15,Unauthorized AI Use,Moderate,ENG101,TA,23,True
2025-07-15,Cheating,Major,ENG101,Administrator,21,True
2025-07-16,Cheating,Moderate,ENG101,Peer,14,False
2025-07-16,Unauthorized AI Use,Moderate,PHYS101,TA,14,False
2025-07-16,Fabrication,Major,MATH101,Instructor,18,False
2025-07-16,Plagiarism,Major,MATH101,Administrator,15,False
2025-07-16,Cheating,Minor,CS201,TA,14,False
2025-07-17,Plagiarism,Moderate,ENG101,Administrator,17,True
2025-07-17,Unauthorized AI Use,Minor,PHYS101,Instructor,19,False
2025-07-17,Plagiarism,Moderate,CS201,TA,16,True
2025-07-17,Facilitation,Major,CS201,Administrator,12,False
2025-07-17,Unauthorized AI Use,Major,ENG101,Instructor,23,False
2025-07-17,Plagiarism,Minor,ENG101,Administrator,16,False
2025-07-17,Fabrication,Minor,CS101,TA,14,False
2025-07-17,Fabrication,Major,CS201,Instructor,18,False
2025-07-17,Unauthorized AI Use,Major,ENG101,Instructor,9,False
2025-07-18,Plagiarism,Minor,PHYS101,Instructor,10,False
2025-07-18,Fabrication,Minor,CS201,TA,12,False
2025-07-18,Fabrication,Minor,ENG101,Peer,14,True
2025-07-18,Plagiarism,Moderate,PHYS101,Peer,14,False
2025-07-18,Cheating,Moderate,PHYS101,TA,11,False
2025-07-18,Plagiarism,Moderate,CS101,Administrator,15,False
2025-07-18,Plagiarism,Minor,ENG101,TA,22,False
2025-07-18,Plagiarism,Moderate,CS201,TA,13,False
2025-07-19,Plagiarism,Minor,CS101,Peer,15,True
2025-07-19,Facilitation,Moderate,ENG101,Peer,13,False
2025-07-19,Plagiarism,Minor,CS101,Instructor,12,False
2025-07-19,Fabrication,Minor,MATH101,Instructor,14,False
2025-07-19,Cheating,Moderate,ENG101,Administrator,17,True
2025-07-20,Facilitation,Moderate,CS101,Peer,20,False
2025-07-20,Plagiarism,Minor,CS201,Peer,20,False
2025-07-20,Unauthorized AI Use,Moderate,CS201,Instructor,15,False
2025-07-20,Plagiarism,Major,MATH101,Administrator,17,False
2025-07-20,Plagiarism,Minor,CS101,Administrator,15,False
2025-07-20,Plagiarism,Minor,CS101,Administrator,8,False
2025-07-21,Cheating,Minor,MATH101,TA,14,True
2025-07-21,Cheating,Moderate,MATH101,Peer,11,False
2025-07-21,Cheating,Major,MATH101,Peer,9,False
2025-07-21,Unauthorized AI Use,Minor,MATH101,Peer,17,False
2025-07-21,Unauthorized AI Use,Moderate,CS201,TA,12,False
2025-07-21,Facilitation,Minor,ENG101,Administrator,12,False
2025-07-21,Facilitation,Major,CS201,Peer,11,False
2025-07-21,Plagiarism,Minor,CS101,TA,18,False
2025-07-22,Cheating,Major,CS101,Administrator,10,False
2025-07-22,Facilitation,Major,CS101,Administrator,12,False
2025-07-22,Facilitation,Major,MATH101,TA,9,False
2025-07-22,Facilitation,Moderate,ENG101,Administrator,16,False
2025-07-23,Plagiarism,Major,MATH101,TA,19,False
2025-07-23,Plagiarism,Moderate,CS101,Administrator,13,False
2025-07-23,Facilitation,Minor,CS101,TA,7,False
2025-07-23,Fabrication,Moderate,ENG101,Instructor,16,False
2025-07-23,Cheating,Moderate,MATH101,Administrator,14,False
2025-07-23,Cheating,Moderate,CS101,Peer,14,False
2025-07-23,Unauthorized AI Use,Major,CS201,Instructor,10,False
2025-07-24,Cheating,Moderate,CS201,Instructor,16,False
2025-07-24,Cheating,Minor,CS201,TA,19,False
2025-07-24,Plagiarism,Major,MATH101,Peer,19,True
2025-07-24,Unauthorized AI Use,Minor,CS101,Administrator,16,False
2025-07-25,Cheating,Minor,CS201,Instructor,15,False
2025-07-25,Cheating,Minor,PHYS101,Instructor,14,False
2025-07-25,Facilitation,Major,CS101,Administrator,13,False
2025-07-25,Plagiarism,Major,PHYS101,TA,15,True
2025-07-25,Cheating,Minor,PHYS101,Administrator,23,False
2025-07-25,Cheating,Major,ENG101,Instructor,14,False
2025-07-25,Plagiarism,Moderate,PHYS101,Peer,10,False
2025-07-25,Fabrication,Major,PHYS101,TA,18,False
2025-07-25,Cheating,Minor,MATH101,TA,11,False
2025-07-25,Cheating,Minor,MATH101,Instructor,14,False
2025-07-26,Plagiarism,Moderate,CS101,Administrator,25,False
2025-07-26,Unauthorized AI Use,Major,MATH101,TA,14,False
2025-07-26,Cheating,Moderate,CS101,TA,16,False
2025-07-26,Unauthorized AI Use,Major,MATH101,Instructor,15,False
2025-07-26,Fabrication,Minor,CS101,TA,16,False
2025-07-27,Plagiarism,Minor,PHYS101,Administrator,15,False
2025-07-27,Plagiarism,Minor,MATH101,TA,10,False
2025-07-27,Fabrication,Major,CS201,Peer,15,False
2025-07-27,Fabrication,Minor,CS201,Administrator,16,True
2025-07-28,Cheating,Minor,ENG101,TA,20,False
2025-07-28,Fabrication,Minor,PHYS101,Instructor,14,False
2025-07-28,Unauthorized AI Use,Moderate,CS201,Administrator,13,False
2025-07-28,Plagiarism,Minor,PHYS101,Administrator,13,True
2025-07-28,Cheating,Minor,CS101,Instructor,18,False
2025-07-29,Fabrication,Moderate,MATH101,TA,8,False
2025-07-29,Plagiarism,Minor,CS201,TA,22,False
2025-07-29,Plagiarism,Moderate,CS201,TA,14,False
2025-07-30,Fabrication,Moderate,MATH101,Administrator,21,False
2025-07-30,Fabrication,Major,CS201,TA,14,False
2025-07-30,Unauthorized AI Use,Major,CS201,Administrator,15,False
2025-07-30,Fabrication,Minor,CS201,Administrator,10,False
2025-07-31,Plagiarism,Major,CS101,Instructor,12,True
2025-07-31,Unauthorized AI Use,Major,PHYS101,TA,17,False
2025-07-31,Unauthorized AI Use,Moderate,PHYS101,TA,11,False
2025-07-31,Cheating,Major,MATH101,Instructor,8,False
2025-07-31,Cheating,Major,PHYS101,Peer,16,False
2025-08-01,Unauthorized AI Use,Minor,PHYS101,Peer,18,True
2025-08-01,Cheating,Minor,PHYS101,Peer,21,False
2025-08-01,Fabrication,Moderate,CS201,TA,15,True
2025-08-01,Unauthorized AI Use,Moderate,PHYS101,Administrator,16,False
2025-08-01,Unauthorized AI Use,Minor,ENG101,Peer,13,False
2025-08-01,Plagiarism,Minor,CS201,Administrator,20,False
2025-08-01,Unauthorized AI Use,Minor,CS201,Instructor,12,False
2025-08-01,Cheating,Moderate,ENG101,Peer,15,False
2025-08-01,Plagiarism,Minor,CS101,Peer,11,False
2025-08-02,Fabrication,Moderate,MATH101,Instructor,13,True
2025-08-02,Plagiarism,Moderate,CS201,Instructor,14,False
2025-08-02,Cheating,Minor,ENG101,Administrator,16,False
2025-08-02,Unauthorized AI Use,Major,CS101,Instructor,18,False
2025-08-02,Unauthorized AI Use,Minor,ENG101,Administrator,14,False
2025-08-02,Cheating,Major,MATH101,Peer,7,False
2025-08-03,Plagiarism,Moderate,ENG101,TA,16,False
2025-08-03,Fabrication,Major,PHYS101,Peer,11,False
2025-08-03,Cheating,Moderate,ENG101,TA,16,False
2025-08-03,Facilitation,Major,MATH101,Administrator,20,False
2025-08-03,Cheating,Minor,MATH101,Peer,15,False
2025-08-03,Fabrication,Minor,ENG101,Peer,18,True
2025-08-03,Plagiarism,Minor,PHYS101,Peer,10,False
2025-08-03,Facilitation,Major,CS201,TA,17,True
2025-08-03,Plagiarism,Minor,PHYS101,Instructor,16,True
2025-08-04,Plagiarism,Minor,MATH101,Administrator,23,False
2025-08-04,Fabrication,Major,CS101,TA,10,False
2025-08-04,Cheating,Minor,MATH101,TA,14,False
2025-08-04,Cheating,Minor,CS101,TA,10,False
2025-08-04,Cheating,Moderate,PHYS101,TA,24,True
2025-08-05,Cheating,Moderate,ENG101,Administrator,17,False
2025-08-05,Fabrication,Moderate,PHYS101,Administrator,18,False
2025-08-05,Cheating,Major,ENG101,Instructor,13,False
2025-08-05,Unauthorized AI Use,Minor,MATH101,Peer,23,False
2025-08-05,Plagiarism,Minor,CS101,Peer,15,False
2025-08-06,Unauthorized AI Use,Minor,ENG101,TA,11,False
2025-08-06,Plagiarism,Major,PHYS101,Peer,10,False
2025-08-06,Cheating,Moderate,PHYS101,Administrator,19,False
2025-08-07,Plagiarism,Moderate,CS201,Instructor,17,False
2025-08-07,Cheating,Moderate,ENG101,Administrator,25,False
2025-08-07,Unauthorized AI Use,Moderate,CS201,Instructor,17,False
2025-08-07,Unauthorized AI Use,Minor,ENG101,TA,10,False
2025-08-07,Cheating,Major,CS201,Instructor,23,False
2025-08-07,Fabrication,Major,PHYS101,Instructor,18,False
2025-08-07,Plagiarism,Minor,ENG101,Administrator,16,False
2025-08-07,Plagiarism,Major,PHYS101,TA,18,False
2025-08-07,Plagiarism,Major,CS101,Instructor,17,False
2025-08-07,Cheating,Minor,PHYS101,Administrator,13,False
2025-08-07,Plagiarism,Moderate,CS101,Instructor,24,False
2025-08-08,Facilitation,Moderate,MATH101,Instructor,15,False
2025-08-08,Unauthorized AI Use,Minor,MATH101,Peer,15,False
2025-08-08,Unauthorized AI Use,Moderate,MATH101,Administrator,26,False
2025-08-08,Cheating,Minor,CS201,Peer,12,True
2025-08-09,Plagiarism,Major,ENG101,Administrator,21,False
2025-08-09,Plagiarism,Major,CS201,Instructor,19,True
2025-08-09,Fabrication,Minor,ENG101,Administrator,13,False
2025-08-09,Facilitation,Moderate,PHYS101,Administrator,16,False
2025-08-09,Cheating,Major,PHYS101,TA,12,False
2025-08-09,Unauthorized AI Use,Moderate,CS101,Administrator,13,True
2025-08-10,Plagiarism,Minor,CS201,Instructor,7,False
2025-08-10,Fabrication,Minor,ENG101,Peer,17,False
2025-08-10,Unauthorized AI Use,Minor,PHYS101,TA,13,False
2025-08-11,Cheating,Moderate,PHYS101,Administrator,12,False
2025-08-11,Plagiarism,Major,PHYS101,Peer,13,False
2025-08-11,Plagiarism,Major,MATH101,TA,14,False
2025-08-11,Unauthorized AI Use,Major,MATH101,TA,16,False
2025-08-11,Fabrication,Major,PHYS101,Peer,11,False
2025-08-11,Facilitation,Minor,ENG101,Peer,13,False
2025-08-11,Plagiarism,Moderate,ENG101,TA,11,False
2025-08-11,Fabrication,Moderate,CS201,Administrator,18,False
2025-08-11,Fabrication,Major,ENG101,Administrator,21,False
2025-08-12,Unauthorized AI Use,Major,CS101,Instructor,13,False
2025-08-12,Cheating,Minor,PHYS101,TA,16,False
2025-08-12,Plagiarism,Minor,PHYS101,Instructor,21,False
2025-08-12,Plagiarism,Minor,ENG101,TA,15,False
2025-08-12,Plagiarism,Moderate,CS201,Peer,13,False
2025-08-13,Facilitation,Minor,ENG101,TA,19,False
2025-08-13,Unauthorized AI Use,Moderate,ENG101,TA,14,True
2025-08-13,Unauthorized AI Use,Moderate,CS101,Peer,13,False
2025-08-13,Plagiarism,Major,CS201,Administrator,12,False
2025-08-13,Unauthorized AI Use,Moderate,CS201,Peer,15,False
2025-08-13,Plagiarism,Moderate,MATH101,TA,9,False
2025-08-13,Facilitation,Major,PHYS101,TA,19,False
2025-08-13,Facilitation,Minor,MATH101,Peer,14,False
2025-08-14,Fabrication,Major,PHYS101,TA,22,False
2025-08-14,Plagiarism,Moderate,CS201,Peer,12,False
2025-08-14,Unauthorized AI Use,Minor,MATH101,TA,16,True
2025-08-14,Plagiarism,Minor,ENG101,TA,17,False
2025-08-14,Fabrication,Minor,MATH101,Peer,18,False
2025-08-15,Cheating,Minor,CS201,Administrator,10,False
2025-08-15,Cheating,Minor,PHYS101,Instructor,16,False
2025-08-15,Unauthorized AI Use,Major,PHYS101,Administrator,18,False
2025-08-15,Cheating,Major,ENG101,Peer,18,False
2025-08-15,Plagiarism,Minor,ENG101,Administrator,17,False
2025-08-15,Facilitation,Moderate,MATH101,Peer,12,False
2025-08-15,Facilitation,Moderate,ENG101,Peer,9,False
2025-08-15,Cheating,Major,PHYS101,Instructor,15,False
2025-08-16,Cheating,Major,CS201,TA,12,False
2025-08-16,Unauthorized AI Use,Moderate,CS201,Peer,16,False
2025-08-16,Unauthorized AI Use,Moderate,CS101,TA,17,False
2025-08-16,Unauthorized AI Use,Moderate,CS201,Administrator,17,False
2025-08-17,Plagiarism,Major,CS201,Peer,19,False
2025-08-17,Cheating,Major,CS101,Administrator,11,False
2025-08-17,Fabrication,Moderate,MATH101,Peer,15,False
2025-08-17,Cheating,Moderate,PHYS101,Instructor,17,True
2025-08-17,Fabrication,Major,CS101,TA,19,False
2025-08-17,Facilitation,Moderate,CS201,TA,18,True
2025-08-18,Plagiarism,Minor,CS101,TA,13,False
2025-08-18,Cheating,Moderate,CS101,Peer,8,False
2025-08-18,Cheating,Major,PHYS101,TA,10,False
2025-08-18,Plagiarism,Minor,CS201,Instructor,13,True
2025-08-18,Cheating,Moderate,ENG101,TA,13,False
2025-08-18,Cheating,Minor,CS101,Administrator,10,False
2025-08-18,Unauthorized AI Use,Moderate,CS101,Administrator,13,False
2025-08-18,Fabrication,Moderate,CS101,TA,20,False
2025-08-19,Cheating,Minor,MATH101,TA,13,False
2025-08-19,Facilitation,Minor,MATH101,Instructor,17,False
2025-08-19,Fabrication,Moderate,CS101,Administrator,11,True
2025-08-19,Cheating,Major,CS101,Instructor,17,True
2025-08-20,Cheating,Moderate,ENG101,Peer,13,False
2025-08-20,Plagiarism,Minor,ENG101,TA,22,False
2025-08-20,Cheating,Major,CS101,TA,11,False
2025-08-20,Unauthorized AI Use,Major,PHYS101,Administrator,12,False
2025-08-20,Cheating,Major,CS101,TA,18,True
2025-08-21,Fabrication,Minor,MATH101,Instructor,20,False
2025-08-21,Cheating,Major,PHYS101,Administrator,14,False
2025-08-21,Cheating,Moderate,CS101,Administrator,14,False
2025-08-22,Plagiarism,Major,CS201,Peer,11,False
2025-08-22,Cheating,Moderate,ENG101,Administrator,17,False
2025-08-22,Unauthorized AI Use,Major,ENG101,Peer,16,False
2025-08-22,Facilitation,Minor,ENG101,TA,11,False
2025-08-22,Plagiarism,Moderate,ENG101,Administrator,16,True
2025-08-22,Plagiarism,Moderate,ENG101,Instructor,11,False
2025-08-22,Unauthorized AI Use,Major,CS201,Instructor,12,True
2025-08-22,Plagiarism,Moderate,MATH101,Administrator,17,False
2025-08-22,Unauthorized AI Use,Moderate,CS101,Peer,18,False
2025-08-22,Unauthorized AI Use,Moderate,MATH101,TA,12,False
2025-08-22,Cheating,Major,ENG101,TA,22,False
2025-08-22,Plagiarism,Major,ENG101,TA,17,True
2025-08-22,Cheating,Minor,MATH101,TA,17,False
2025-08-22,Cheating,Major,MATH101,Administrator,19,False
2025-08-23,Unauthorized AI Use,Moderate,PHYS101,Administrator,10,False
2025-08-23,Cheating,Moderate,MATH101,Peer,21,False
2025-08-23,Fabrication,Moderate,PHYS101,Peer,13,False
2025-08-23,Cheating,Minor,CS101,Instructor,15,False
2025-08-23,Unauthorized AI Use,Moderate,PHYS101,Administrator,8,False
2025-08-24,Plagiarism,Moderate,MATH101,Instructor,13,False
2025-08-24,Plagiarism,Minor,CS201,Instructor,26,False
2025-08-24,Cheating,Minor,ENG101,TA,14,False
2025-08-24,Cheating,Moderate,MATH101,TA,14,False
2025-08-24,Fabrication,Moderate,CS201,Peer,18,False
2025-08-24,Plagiarism,Major,MATH101,TA,24,False
2025-08-24,Plagiarism,Moderate,CS101,Administrator,11,True
2025-08-24,Unauthorized AI Use,Major,CS101,Administrator,11,False
2025-08-25,Cheating,Minor,CS101,Administrator,23,False
2025-08-25,Fabrication,Minor,MATH101,Peer,15,False
2025-08-25,Plagiarism,Major,MATH101,Peer,19,False
2025-08-25,Fabrication,Moderate,CS101,Peer,15,False
2025-08-25,Plagiarism,Major,CS101,Administrator,12,False
2025-08-25,Unauthorized AI Use,Moderate,PHYS101,Administrator,17,False
2025-08-25,Facilitation,Major,ENG101,Instructor,10,False
2025-08-25,Cheating,Minor,MATH101,TA,10,True
2025-08-25,Unauthorized AI Use,Minor,MATH101,Administrator,20,True
2025-08-25,Cheating,Moderate,MATH101,Peer,14,False
2025-08-25,Facilitation,Moderate,CS201,TA,19,False
2025-08-26,Unauthorized AI Use,Moderate,CS201,Peer,10,False
2025-08-26,Cheating,Major,ENG101,Administrator,11,False
2025-08-26,Cheating,Moderate,ENG101,Peer,9,True
2025-08-26,Facilitation,Minor,PHYS101,Instructor,9,False
2025-08-26,Facilitation,Minor,PHYS101,Administrator,22,False
2025-08-26,Fabrication,Moderate,CS201,TA,14,True
2025-08-26,Cheating,Moderate,PHYS101,Peer,13,True
2025-08-26,Plagiarism,Moderate,CS201,TA,11,False
2025-08-27,Unauthorized AI Use,Major,CS201,Instructor,21,False
2025-08-27,Plagiarism,Minor,CS101,Administrator,13,False
2025-08-27,Plagiarism,Major,CS101,TA,11,True
2025-08-27,Unauthorized AI Use,Major,ENG101,TA,17,False
2025-08-27,Cheating,Minor,CS101,Peer,18,False
2025-08-27,Fabrication,Moderate,PHYS101,Instructor,11,False
2025-08-27,Unauthorized AI Use,Moderate,MATH101,Peer,16,False
2025-08-27,Plagiarism,Major,CS101,Administrator,12,False
2025-08-28,Plagiarism,Minor,CS201,Administrator,19,False
2025-08-28,Plagiarism,Major,CS101,TA,18,False
2025-08-28,Cheating,Major,CS201,Administrator,17,False
2025-08-28,Plagiarism,Minor,MATH101,Peer,10,False
2025-08-28,Unauthorized AI Use,Minor,CS101,TA,18,False
2025-08-28,Unauthorized AI Use,Minor,PHYS101,Peer,12,True
2025-08-28,Facilitation,Minor,ENG101,Administrator,10,False
2025-08-28,Fabrication,Minor,PHYS101,Administrator,8,False
2025-08-28,Facilitation,Major,MATH101,Peer,16,True
2025-08-28,Plagiarism,Minor,ENG101,TA,14,False
2025-08-29,Fabrication,Major,MATH101,Administrator,14,False
2025-08-29,Plagiarism,Moderate,CS101,Administrator,19,False
2025-08-29,Fabrication,Minor,ENG101,Peer,17,False
2025-08-29,Unauthorized AI Use,Moderate,ENG101,TA,11,True
2025-08-29,Cheating,Moderate,CS101,TA,12,False
2025-08-30,Cheating,Moderate,CS201,Instructor,18,False
2025-08-30,Plagiarism,Minor,ENG101,Peer,6,False
2025-08-30,Unauthorized AI Use,Moderate,CS101,TA,21,False
2025-08-30,Plagiarism,Moderate,MATH101,Instructor,14,True
2025-08-30,Unauthorized AI Use,Moderate,PHYS101,TA,12,False
2025-08-30,Unauthorized AI Use,Moderate,PHYS101,Peer,18,False
2025-08-30,Plagiarism,Minor,CS101,Peer,9,True
2025-08-31,Unauthorized AI Use,Moderate,PHYS101,Administrator,15,False
2025-08-31,Plagiarism,Moderate,CS201,TA,10,False
2025-08-31,Plagiarism,Major,CS101,Administrator,17,False
2025-08-31,Cheating,Minor,CS201,TA,19,False
2025-08-31,Fabrication,Major,CS101,Administrator,13,False
2025-08-31,Plagiarism,Moderate,PHYS101,Peer,15,False
2025-08-31,Unauthorized AI Use,Major,PHYS101,TA,16,True
2025-09-01,Plagiarism,Minor,CS201,TA,18,False
2025-09-01,Plagiarism,Major,MATH101,Administrator,23,False
2025-09-01,Fabrication,Major,ENG101,Peer,10,True
2025-09-01,Plagiarism,Major,PHYS101,Peer,16,False
2025-09-01,Facilitation,Major,PHYS101,Peer,8,False
2025-09-01,Fabrication,Moderate,CS201,Instructor,13,False
2025-09-01,Cheating,Minor,CS201,Administrator,21,False
2025-09-01,Cheating,Major,CS101,TA,10,False
2025-09-01,Unauthorized AI Use,Minor,MATH101,Peer,16,True
2025-09-02,Facilitation,Moderate,MATH101,TA,10,False
2025-09-02,Fabrication,Moderate,PHYS101,Administrator,20,False
2025-09-02,Plagiarism,Major,ENG101,Administrator,10,False
2025-09-02,Unauthorized AI Use,Minor,MATH101,Instructor,16,False
2025-09-02,Plagiarism,Minor,MATH101,TA,16,True
2025-09-02,Unauthorized AI Use,Minor,ENG101,TA,17,False
2025-09-02,Plagiarism,Major,ENG101,TA,13,False
2025-09-02,Fabrication,Minor,PHYS101,TA,11,False
2025-09-02,Cheating,Major,CS101,Administrator,13,False
2025-09-03,Cheating,Minor,MATH101,Instructor,14,False
2025-09-03,Plagiarism,Major,CS101,Administrator,16,False
2025-09-03,Plagiarism,Moderate,CS101,Administrator,15,False
2025-09-03,Cheating,Major,ENG101,Peer,13,True
2025-09-03,Unauthorized AI Use,Minor,CS201,Administrator,13,True
2025-09-03,Fabrication,Moderate,CS201,Instructor,12,False
2025-09-04,Cheating,Minor,ENG101,TA,21,True
2025-09-04,Cheating,Minor,PHYS101,Peer,11,True
2025-09-04,Fabrication,Minor,PHYS101,Peer,17,False
2025-09-04,Facilitation,Moderate,CS101,TA,10,True
2025-09-04,Cheating,Minor,CS201,TA,20,False
2025-09-04,Unauthorized AI Use,Major,CS201,TA,11,False
2025-09-04,Unauthorized AI Use,Major,CS201,Administrator,14,False
2025-09-04,Fabrication,Moderate,MATH101,Administrator,20,False
2025-09-04,Plagiarism,Moderate,CS101,Peer,10,False
2025-09-04,Plagiarism,Major,CS201,Administrator,14,False
2025-09-04,Cheating,Major,ENG101,TA,13,False
2025-09-05,Plagiarism,Minor,MATH101,Instructor,14,False
2025-09-05,Plagiarism,Major,CS101,Peer,7,False
2025-09-05,Plagiarism,Minor,ENG101,Peer,13,False
2025-09-05,Fabrication,Minor,PHYS101,Instructor,14,False
2025-09-05,Cheating,Major,CS201,Administrator,11,False
2025-09-05,Fabrication,Moderate,PHYS101,Instructor,15,False
2025-09-06,Unauthorized AI Use,Moderate,ENG101,TA,17,False
2025-09-06,Unauthorized AI Use,Minor,PHYS101,Administrator,13,True
2025-09-06,Plagiarism,Moderate,CS201,TA,13,False
2025-09-06,Unauthorized AI Use,Moderate,CS101,TA,11,False
2025-09-06,Unauthorized AI Use,Moderate,CS201,TA,20,False
2025-09-06,Facilitation,Minor,PHYS101,Peer,18,False
2025-09-06,Cheating,Minor,PHYS101,TA,10,False
2025-09-06,Cheating,Moderate,CS201,Administrator,28,False
2025-09-07,Unauthorized AI Use,Minor,CS101,TA,10,False
2025-09-07,Unauthorized AI Use,Minor,MATH101,Instructor,12,False
2025-09-07,Unauthorized AI Use,Moderate,CS201,Administrator,25,False
2025-09-07,Fabrication,Moderate,ENG101,Administrator,12,True
2025-09-07,Plagiarism,Minor,PHYS101,TA,17,False
2025-09-07,Plagiarism,Major,CS101,Instructor,11,False
2025-09-07,Cheating,Major,ENG101,Administrator,11,False
2025-09-08,Plagiarism,Major,CS101,Administrator,13,False
2025-09-08,Cheating,Moderate,MATH101,Peer,17,False
2025-09-08,Unauthorized AI Use,Major,PHYS101,Administrator,13,False
2025-09-08,Plagiarism,Minor,CS201,Administrator,18,False
2025-09-08,Plagiarism,Minor,ENG101,Peer,14,False
2025-09-08,Cheating,Major,CS101,Administrator,13,True
2025-09-08,Unauthorized AI Use,Major,CS101,TA,10,False
2025-09-08,Unauthorized AI Use,Major,ENG101,TA,15,False
2025-09-09,Plagiarism,Moderate,ENG101,Administrator,19,False
2025-09-09,Cheating,Moderate,ENG101,Administrator,25,False
2025-09-09,Plagiarism,Minor,MATH101,Instructor,17,False
2025-09-09,Facilitation,Minor,CS101,Peer,16,False
2025-09-09,Unauthorized AI Use,Minor,CS201,TA,22,False
2025-09-09,Plagiarism,Major,CS201,Instructor,16,False
2025-09-09,Facilitation,Major,MATH101,TA,14,False
2025-09-09,Unauthorized AI Use,Minor,PHYS101,TA,10,False
2025-09-10,Cheating,Moderate,CS101,Instructor,18,False
2025-09-10,Facilitation,Moderate,MATH101,Instructor,19,False
2025-09-10,Facilitation,Major,CS201,Administrator,19,False
2025-09-10,Cheating,Minor,CS201,Instructor,14,False
2025-09-10,Cheating,Moderate,ENG101,Instructor,10,False
2025-09-10,Plagiarism,Minor,MATH101,Peer,19,False
2025-09-10,Plagiarism,Minor,ENG101,Administrator,12,False
2025-09-10,Cheating,Minor,CS101,Administrator,17,False
2025-09-10,Unauthorized AI Use,Major,ENG101,Peer,17,False
2025-09-11,Unauthorized AI Use,Moderate,CS101,Administrator,18,False
2025-09-11,Unauthorized AI Use,Minor,CS101,Peer,12,True
2025-09-11,Cheating,Major,CS101,Administrator,18,False
2025-09-11,Cheating,Moderate,MATH101,Instructor,12,False
2025-09-11,Plagiarism,Minor,MATH101,TA,13,False
2025-09-12,Fabrication,Moderate,CS101,TA,13,True
2025-09-12,Unauthorized AI Use,Moderate,CS101,TA,11,False
2025-09-12,Cheating,Major,CS101,Administrator,14,False
2025-09-12,Facilitation,Moderate,ENG101,TA,15,False
2025-09-12,Cheating,Major,ENG101,Peer,10,False
2025-09-12,Fabrication,Minor,PHYS101,Instructor,20,False
2025-09-12,Facilitation,Major,MATH101,Peer,20,False
2025-09-12,Cheating,Major,PHYS101,TA,15,False
2025-09-12,Cheating,Minor,CS101,Instructor,11,False
2025-09-13,Plagiarism,Major,PHYS101,Peer,17,False
2025-09-13,Plagiarism,Major,MATH101,Administrator,11,False
2025-09-13,Cheating,Moderate,MATH101,Peer,10,True
2025-09-13,Facilitation,Major,PHYS101,Administrator,14,True
2025-09-13,Plagiarism,Major,CS201,Peer,13,False
2025-09-13,Cheating,Minor,PHYS101,TA,22,False
2025-09-13,Cheating,Moderate,PHYS101,Peer,13,False
2025-09-13,Cheating,Moderate,CS201,Instructor,9,False
2025-09-13,Unauthorized AI Use,Moderate,PHYS101,Instructor,18,False
2025-09-14,Fabrication,Moderate,ENG101,Administrator,15,False
2025-09-14,Plagiarism,Major,MATH101,Administrator,16,False
2025-09-14,Plagiarism,Minor,PHYS101,Instructor,26,False
2025-09-14,Facilitation,Minor,ENG101,TA,16,False
2025-09-14,Unauthorized AI Use,Major,MATH101,Administrator,10,False
2025-09-14,Unauthorized AI Use,Moderate,CS101,Instructor,14,False
2025-09-14,Unauthorized AI Use,Moderate,PHYS101,TA,10,True
2025-09-14,Fabrication,Moderate,PHYS101,Peer,13,False
2025-09-14,Fabrication,Minor,CS101,TA,13,False
2025-09-14,Plagiarism,Minor,MATH101,TA,14,False
2025-09-14,Plagiarism,Moderate,ENG101,Instructor,12,True
2025-09-14,Facilitation,Moderate,MATH101,Peer,13,False
2025-09-14,Unauthorized AI Use,Moderate,CS101,Peer,12,True
2025-09-15,Plagiarism,Moderate,MATH101,TA,15,True
2025-09-15,Plagiarism,Major,PHYS101,TA,16,False
2025-09-15,Cheating,Major,ENG101,TA,12,False
2025-09-15,Fabrication,Minor,PHYS101,TA,15,False
2025-09-16,Cheating,Major,PHYS101,Peer,17,False
2025-09-16,Fabrication,Major,CS201,Administrator,16,False
2025-09-16,Cheating,Minor,MATH101,TA,21,False
2025-09-16,Unauthorized AI Use,Moderate,CS201,Peer,11,False
2025-09-16,Cheating,Minor,CS201,TA,13,False
2025-09-16,Cheating,Moderate,ENG101,TA,7,False
2025-09-16,Unauthorized AI Use,Minor,ENG101,TA,19,True
2025-09-16,Unauthorized AI Use,Minor,MATH101,Peer,11,False
2025-09-16,Unauthorized AI Use,Moderate,CS201,Administrator,21,False
2025-09-16,Plagiarism,Moderate,PHYS101,Peer,21,False
2025-09-17,Cheating,Moderate,ENG101,TA,8,False
2025-09-17,Plagiarism,Moderate,MATH101,TA,10,False
2025-09-17,Fabrication,Moderate,MATH101,Peer,23,False
2025-09-17,Plagiarism,Minor,CS101,Instructor,20,True
2025-09-17,Cheating,Minor,CS101,Peer,12,True
2025-09-17,Cheating,Minor,ENG101,Instructor,13,False
2025-09-17,Fabrication,Major,CS101,Peer,9,True
2025-09-17,Fabrication,Major,CS101,TA,16,False
2025-09-17,Cheating,Major,MATH101,Instructor,18,False
2025-09-17,Cheating,Major,ENG101,TA,14,False
2025-09-17,Unauthorized AI Use,Moderate,ENG101,Peer,9,True
2025-09-17,Plagiarism,Moderate,PHYS101,Administrator,19,False
2025-09-17,Fabrication,Moderate,PHYS101,TA,13,True
2025-09-18,Unauthorized AI Use,Minor,CS101,TA,14,False
2025-09-18,Plagiarism,Moderate,PHYS101,TA,13,False
2025-09-18,Cheating,Major,MATH101,Peer,21,True
2025-09-18,Plagiarism,Moderate,PHYS101,TA,17,False
2025-09-18,Unauthorized AI Use,Moderate,ENG101,Peer,19,True
2025-09-18,Cheating,Moderate,PHYS101,Administrator,20,False
2025-09-18,Plagiarism,Major,MATH101,Instructor,22,False
2025-09-18,Facilitation,Minor,ENG101,Instructor,14,False
2025-09-19,Unauthorized AI Use,Moderate,MATH101,Administrator,15,False
2025-09-19,Cheating,Minor,PHYS101,Administrator,14,False
2025-09-19,Plagiarism,Major,CS201,TA,17,False
2025-09-19,Plagiarism,Moderate,ENG101,TA,7,False
2025-09-19,Plagiarism,Major,ENG101,Instructor,15,False
2025-09-19,Cheating,Moderate,CS201,Administrator,28,True
2025-09-19,Cheating,Major,CS201,TA,8,False
2025-09-19,Plagiarism,Moderate,PHYS101,Instructor,10,False
2025-09-20,Cheating,Moderate,PHYS101,Instructor,20,False
2025-09-20,Unauthorized AI Use,Moderate,CS201,Instructor,14,False
2025-09-20,Plagiarism,Major,ENG101,Instructor,15,True
2025-09-20,Cheating,Minor,CS201,TA,9,False
2025-09-20,Plagiarism,Moderate,PHYS101,Administrator,19,False
2025-09-20,Unauthorized AI Use,Major,MATH101,Administrator,22,False
2025-09-20,Fabrication,Moderate,ENG101,Instructor,16,False
2025-09-21,Cheating,Major,PHYS101,Peer,12,False
2025-09-21,Cheating,Minor,CS101,Peer,20,False
2025-09-21,Unauthorized AI Use,Major,CS201,Peer,19,False
2025-09-21,Facilitation,Minor,CS201,Instructor,10,False
2025-09-21,Cheating,Moderate,PHYS101,TA,9,False
2025-09-21,Cheating,Major,MATH101,Instructor,16,False
2025-09-22,Plagiarism,Moderate,ENG101,Administrator,15,False
2025-09-22,Unauthorized AI Use,Major,PHYS101,TA,11,False
2025-09-22,Fabrication,Major,MATH101,Administrator,12,False
2025-09-22,Plagiarism,Moderate,CS101,Peer,21,True
2025-09-22,Cheating,Major,MATH101,Peer,14,False
2025-09-22,Cheating,Moderate,PHYS101,Administrator,18,False
2025-09-22,Fabrication,Moderate,MATH101,Administrator,7,False
2025-09-22,Plagiarism,Major,ENG101,Administrator,20,False
2025-09-22,Cheating,Major,ENG101,Administrator,22,False
2025-09-22,Facilitation,Minor,MATH101,Peer,11,True
2025-09-23,Cheating,Minor,CS101,Instructor,13,False
2025-09-23,Unauthorized AI Use,Moderate,PHYS101,Instructor,13,False
2025-09-23,Plagiarism,Major,ENG101,Administrator,13,False
2025-09-23,Unauthorized AI Use,Major,MATH101,Administrator,16,False
2025-09-23,Plagiarism,Major,PHYS101,TA,16,True
2025-09-23,Cheating,Major,MATH101,Peer,7,False
2025-09-23,Plagiarism,Minor,ENG101,Peer,12,False
2025-09-24,Facilitation,Minor,ENG101,Peer,18,False
2025-09-24,Unauthorized AI Use,Minor,PHYS101,Peer,15,False
2025-09-24,Plagiarism,Major,CS101,Instructor,21,False
2025-09-24,Fabrication,Moderate,MATH101,Administrator,11,False
2025-09-24,Plagiarism,Minor,PHYS101,TA,19,False
2025-09-24,Plagiarism,Minor,CS201,Administrator,13,False
2025-09-24,Unauthorized AI Use,Moderate,CS201,Administrator,15,True
2025-09-24,Facilitation,Minor,CS201,Instructor,9,False
2025-09-24,Plagiarism,Moderate,PHYS101,Administrator,19,True
2025-09-24,Facilitation,Minor,MATH101,Instructor,13,False
2025-09-25,Unauthorized AI Use,Major,MATH101,Instructor,13,False
2025-09-25,Fabrication,Minor,MATH101,TA,12,False
2025-09-26,Unauthorized AI Use,Moderate,CS101,Peer,19,True
2025-09-26,Cheating,Moderate,CS201,Peer,13,False
2025-09-26,Facilitation,Major,CS101,Peer,12,False
2025-09-26,Plagiarism,Moderate,PHYS101,Peer,12,False
2025-09-26,Cheating,Moderate,CS101,Peer,21,False
2025-09-26,Unauthorized AI Use,Major,MATH101,TA,16,False
2025-09-26,Cheating,Major,CS201,Peer,13,False
2025-09-26,Cheating,Moderate,MATH101,Instructor,17,False
2025-09-26,Plagiarism,Minor,PHYS101,Instructor,12,False
2025-09-26,Plagiarism,Major,MATH101,TA,11,False
2025-09-26,Plagiarism,Moderate,MATH101,Instructor,12,False
2025-09-27,Fabrication,Moderate,MATH101,TA,12,False
2025-09-27,Cheating,Major,ENG101,Administrator,17,False
2025-09-27,Facilitation,Minor,MATH101,Instructor,11,False
2025-09-27,Plagiarism,Minor,ENG101,Instructor,14,False
2025-09-27,Cheating,Major,MATH101,Peer,11,False
2025-09-27,Unauthorized AI Use,Moderate,CS201,TA,12,False
2025-09-28,Facilitation,Minor,MATH101,Peer,14,False
2025-09-28,Plagiarism,Moderate,CS101,Administrator,12,False
2025-09-28,Plagiarism,Minor,ENG101,Administrator,18,False
2025-09-28,Unauthorized AI Use,Moderate,CS101,TA,10,False
2025-09-28,Unauthorized AI Use,Moderate,CS101,TA,5,True
2025-09-29,Facilitation,Moderate,PHYS101,Administrator,14,False
2025-09-29,Unauthorized AI Use,Minor,PHYS101,Peer,19,False
2025-09-29,Unauthorized AI Use,Minor,PHYS101,Peer,18,False
2025-09-29,Unauthorized AI Use,Moderate,CS201,Instructor,17,False
2025-09-29,Facilitation,Major,PHYS101,Instructor,11,False
2025-09-29,Unauthorized AI Use,Minor,PHYS101,Administrator,11,False
2025-09-29,Unauthorized AI Use,Minor,PHYS101,TA,11,False
2025-09-29,Plagiarism,Moderate,PHYS101,Peer,10,False
2025-09-29,Plagiarism,Moderate,CS201,Peer,16,True
2025-09-29,Facilitation,Major,CS201,Administrator,18,False
2025-09-29,Fabrication,Moderate,PHYS101,TA,15,False
2025-09-29,Fabrication,Major,CS201,Administrator,16,False
2025-09-29,Cheating,Major,ENG101,TA,12,False
2025-09-30,Cheating,Minor,CS201,Instructor,19,False
2025-09-30,Facilitation,Moderate,CS101,Administrator,16,False
2025-09-30,Plagiarism,Minor,CS101,TA,10,False
2025-09-30,Unauthorized AI Use,Minor,CS101,Administrator,21,False
2025-09-30,Fabrication,Major,ENG101,Instructor,17,False
2025-09-30,Facilitation,Major,CS201,TA,12,False
2025-09-30,Unauthorized AI Use,Major,ENG101,Instructor,16,False
2025-10-01,Fabrication,Moderate,MATH101,Peer,12,False
2025-10-01,Cheating,Minor,CS201,TA,11,False
2025-10-01,Plagiarism,Moderate,MATH101,TA,16,False
2025-10-01,Fabrication,Moderate,CS101,Peer,15,False
2025-10-01,Unauthorized AI Use,Minor,CS101,Administrator,15,False
2025-10-01,Plagiarism,Minor,CS101,Administrator,11,False
2025-10-02,Plagiarism,Major,PHYS101,Administrator,14,True
2025-10-02,Plagiarism,Minor,CS101,Administrator,17,False
2025-10-02,Cheating,Moderate,CS101,Peer,8,False
2025-10-02,Cheating,Minor,CS101,Instructor,13,False
2025-10-02,Fabrication,Major,CS101,Peer,20,False
2025-10-02,Unauthorized AI Use,Major,PHYS101,Peer,12,False
2025-10-02,Fabrication,Minor,CS201,Instructor,18,False
2025-10-02,Plagiarism,Minor,ENG101,Peer,19,False
2025-10-03,Plagiarism,Minor,CS101,Peer,18,False
2025-10-03,Plagiarism,Moderate,CS201,Instructor,13,False
2025-10-03,Plagiarism,Major,CS201,Peer,15,True
2025-10-03,Fabrication,Moderate,MATH101,Instructor,15,False
2025-10-03,Plagiarism,Moderate,MATH101,TA,13,False
2025-10-03,Cheating,Minor,PHYS101,Peer,18,False
2025-10-04,Cheating,Moderate,CS201,Instructor,10,False
2025-10-04,Plagiarism,Minor,MATH101,Instructor,19,False
2025-10-04,Fabrication,Minor,PHYS101,Administrator,15,True
2025-10-04,Unauthorized AI Use,Minor,CS201,Peer,10,False
2025-10-04,Unauthorized AI Use,Minor,CS201,Instructor,16,False
2025-10-04,Cheating,Moderate,PHYS101,Peer,17,False
2025-10-04,Facilitation,Major,CS101,TA,10,False
2025-10-05,Cheating,Minor,CS101,Peer,8,False
2025-10-05,Fabrication,Moderate,PHYS101,Instructor,17,False
2025-10-05,Unauthorized AI Use,Moderate,CS201,Peer,17,True
2025-10-06,Cheating,Minor,PHYS101,TA,18,False
2025-10-06,Fabrication,Major,ENG101,Administrator,16,False
2025-10-06,Cheating,Moderate,PHYS101,Peer,15,False
2025-10-06,Fabrication,Major,ENG101,TA,12,False
2025-10-06,Fabrication,Minor,MATH101,Instructor,14,False
2025-10-07,Plagiarism,Moderate,CS201,TA,21,False
2025-10-07,Plagiarism,Minor,ENG101,Instructor,20,False
2025-10-07,Plagiarism,Minor,PHYS101,Administrator,15,False
2025-10-07,Plagiarism,Minor,PHYS101,Instructor,16,False
2025-10-07,Plagiarism,Major,CS101,TA,13,False
2025-10-07,Cheating,Moderate,CS101,Instructor,17,False
2025-10-07,Cheating,Moderate,CS101,Peer,14,False
2025-10-07,Cheating,Moderate,CS101,Instructor,15,True
2025-10-07,Plagiarism,Major,MATH101,Instructor,19,False
2025-10-07,Cheating,Major,CS201,Peer,15,False
2025-10-08,Unauthorized AI Use,Moderate,CS101,Administrator,15,False
2025-10-08,Cheating,Minor,CS201,Administrator,20,True
2025-10-08,Unauthorized AI Use,Moderate,CS201,Administrator,19,False
2025-10-08,Unauthorized AI Use,Moderate,CS101,Peer,19,False
2025-10-08,Cheating,Major,ENG101,Instructor,12,False
2025-10-08,Fabrication,Moderate,ENG101,Peer,14,False
2025-10-08,Facilitation,Minor,MATH101,Instructor,16,False
2025-10-08,Facilitation,Moderate,PHYS101,Administrator,13,True
2025-10-08,Unauthorized AI Use,Minor,PHYS101,Instructor,13,False
2025-10-09,Plagiarism,Major,ENG101,Instructor,18,False
2025-10-09,Fabrication,Moderate,ENG101,TA,18,False
2025-10-09,Plagiarism,Major,MATH101,Instructor,20,False
2025-10-09,Plagiarism,Major,CS201,Administrator,10,False
2025-10-09,Plagiarism,Moderate,CS201,TA,15,False
2025-10-09,Plagiarism,Moderate,ENG101,Administrator,12,False
2025-10-09,Cheating,Major,PHYS101,TA,13,False
2025-10-09,Unauthorized AI Use,Moderate,CS201,Administrator,18,False
2025-10-09,Plagiarism,Major,ENG101,Peer,8,False
2025-10-10,Fabrication,Minor,CS101,TA,18,False
2025-10-10,Fabrication,Major,CS201,Peer,11,True
2025-10-10,Unauthorized AI Use,Minor,ENG101,Instructor,16,False
2025-10-10,Plagiarism,Moderate,CS101,Peer,11,False
2025-10-10,Plagiarism,Minor,PHYS101,TA,20,False
2025-10-10,Cheating,Major,ENG101,Instructor,11,False
2025-10-10,Fabrication,Minor,CS201,Administrator,13,True
2025-10-10,Facilitation,Moderate,CS101,Administrator,15,False
2025-10-10,Plagiarism,Major,PHYS101,Instructor,13,False
2025-10-10,Plagiarism,Moderate,MATH101,TA,15,False
2025-10-11,Fabrication,Major,CS201,Administrator,11,False
2025-10-11,Unauthorized AI Use,Minor,PHYS101,TA,15,False
2025-10-11,Cheating,Major,CS201,Peer,16,False
2025-10-11,Plagiarism,Minor,CS201,TA,14,False
2025-10-11,Unauthorized AI Use,Minor,PHYS101,Administrator,7,False
2025-10-11,Unauthorized AI Use,Moderate,CS101,Instructor,16,False
2025-10-11,Cheating,Minor,PHYS101,Administrator,15,False
2025-10-11,Unauthorized AI Use,Moderate,MATH101,Instructor,14,False
2025-10-11,Fabrication,Minor,ENG101,Peer,19,False
2025-10-11,Facilitation,Moderate,CS201,TA,14,False
2025-10-11,Plagiarism,Minor,CS201,Instructor,12,False
2025-10-11,Cheating,Moderate,PHYS101,Instructor,17,False
2025-10-11,Fabrication,Minor,PHYS101,Administrator,14,False
2025-10-11,Cheating,Moderate,PHYS101,TA,18,False
2025-10-11,Facilitation,Major,CS201,TA,14,False
2025-10-11,Facilitation,Minor,PHYS101,Instructor,20,False
2025-10-12,Plagiarism,Minor,MATH101,Peer,15,False
2025-10-12,Plagiarism,Minor,MATH101,Instructor,14,False
2025-10-12,Cheating,Major,MATH101,Administrator,13,False
2025-10-12,Plagiarism,Minor,ENG101,Administrator,15,True
2025-10-12,Plagiarism,Major,CS201,Administrator,14,False
2025-10-12,Unauthorized AI Use,Major,PHYS101,Peer,12,False
2025-10-12,Facilitation,Moderate,CS201,Peer,14,False
2025-10-12,Cheating,Moderate,MATH101,TA,17,False
2025-10-12,Plagiarism,Moderate,MATH101,Administrator,11,False
2025-10-12,Unauthorized AI Use,Moderate,ENG101,TA,18,False
2025-10-12,Fabrication,Major,CS101,TA,15,False
2025-10-13,Plagiarism,Moderate,PHYS101,TA,8,False
2025-10-13,Cheating,Major,CS101,Peer,16,False
2025-10-13,Plagiarism,Minor,CS101,TA,14,False
2025-10-13,Fabrication,Major,CS201,Instructor,10,False
2025-10-13,Unauthorized AI Use,Major,CS101,Administrator,22,False
2025-10-13,Cheating,Major,ENG101,Instructor,18,False
2025-10-13,Fabrication,Moderate,MATH101,TA,18,False
2025-10-13,Cheating,Major,ENG101,Administrator,22,False
2025-10-14,Cheating,Major,MATH101,Instructor,17,False
2025-10-14,Plagiarism,Minor,ENG101,Peer,11,False
2025-10-14,Cheating,Minor,PHYS101,Instructor,20,False
2025-10-14,Unauthorized AI Use,Moderate,CS201,Administrator,16,False
2025-10-14,Unauthorized AI Use,Moderate,CS101,TA,14,False
2025-10-14,Unauthorized AI Use,Major,PHYS101,Instructor,12,False
2025-10-14,Plagiarism,Minor,CS201,TA,16,False
2025-10-14,Facilitation,Minor,CS201,Administrator,20,False
2025-10-14,Fabrication,Moderate,CS201,TA,19,False
2025-10-14,Cheating,Moderate,PHYS101,Instructor,8,False
2025-10-15,Plagiarism,Minor,PHYS101,Administrator,23,True
2025-10-15,Facilitation,Minor,MATH101,Administrator,12,True
2025-10-15,Cheating,Minor,MATH101,Instructor,17,False
2025-10-15,Fabrication,Major,CS201,TA,13,False
2025-10-15,Cheating,Moderate,MATH101,Instructor,9,False
2025-10-16,Plagiarism,Major,MATH101,TA,10,False
2025-10-16,Cheating,Major,PHYS101,TA,16,False
2025-10-16,Fabrication,Major,ENG101,Peer,13,False
2025-10-16,Fabrication,Minor,PHYS101,Instructor,6,False
2025-10-16,Plagiarism,Minor,CS101,Instructor,11,False
2025-10-16,Cheating,Moderate,PHYS101,Instructor,15,False
2025-10-16,Unauthorized AI Use,Moderate,MATH101,Peer,14,False
2025-10-16,Fabrication,Major,CS201,TA,10,False
2025-10-16,Plagiarism,Major,CS101,Instructor,15,False
2025-10-16,Cheating,Major,PHYS101,Instructor,16,False
2025-10-16,Plagiarism,Minor,MATH101,Administrator,12,False
2025-10-16,Cheating,Moderate,MATH101,TA,16,False
2025-10-16,Cheating,Minor,PHYS101,Peer,17,False
2025-10-16,Plagiarism,Minor,MATH101,TA,16,False
2025-10-17,Cheating,Moderate,CS201,Instructor,13,False
2025-10-17,Plagiarism,Minor,CS201,TA,14,False
2025-10-17,Plagiarism,Minor,MATH101,TA,14,False
2025-10-17,Plagiarism,Major,PHYS101,Instructor,13,True
2025-10-17,Cheating,Major,CS101,TA,21,False
2025-10-17,Plagiarism,Minor,ENG101,Administrator,14,False
2025-10-17,Plagiarism,Major,PHYS101,Administrator,11,False
2025-10-17,Facilitation,Major,CS101,TA,14,True
2025-10-18,Plagiarism,Major,MATH101,Peer,17,False
2025-10-18,Plagiarism,Minor,CS101,Instructor,8,False
2025-10-18,Cheating,Moderate,PHYS101,TA,19,False
2025-10-18,Plagiarism,Minor,MATH101,Peer,16,False
2025-10-19,Cheating,Major,MATH101,Instructor,15,False
2025-10-19,Unauthorized AI Use,Moderate,MATH101,TA,12,False
2025-10-19,Facilitation,Minor,CS101,TA,20,False
2025-10-19,Plagiarism,Moderate,CS201,Instructor,16,False
2025-10-19,Fabrication,Major,PHYS101,Peer,16,False
2025-10-19,Fabrication,Major,ENG101,TA,17,True
2025-10-19,Cheating,Moderate,CS101,Peer,15,False
2025-10-19,Plagiarism,Minor,MATH101,TA,17,False
2025-10-19,Cheating,Moderate,PHYS101,TA,18,False
2025-10-20,Plagiarism,Moderate,CS201,Instructor,9,False
2025-10-20,Cheating,Major,CS101,Peer,14,False
2025-10-20,Cheating,Major,CS201,Administrator,13,False
2025-10-20,Unauthorized AI Use,Minor,PHYS101,TA,14,False
2025-10-20,Facilitation,Minor,PHYS101,Instructor,13,False
2025-10-20,Cheating,Major,PHYS101,Instructor,16,True
2025-10-20,Plagiarism,Minor,PHYS101,Instructor,14,False
2025-10-21,Unauthorized AI Use,Minor,CS101,Instructor,13,False
2025-10-21,Plagiarism,Moderate,MATH101,Administrator,19,False
2025-10-21,Plagiarism,Moderate,ENG101,Administrator,19,False
2025-10-21,Unauthorized AI Use,Minor,PHYS101,TA,15,False
2025-10-21,Facilitation,Minor,CS201,TA,17,False
2025-10-21,Plagiarism,Moderate,MATH101,Instructor,9,True
2025-10-21,Cheating,Minor,PHYS101,Administrator,14,False
2025-10-21,Facilitation,Major,CS201,Administrator,8,False
2025-10-21,Plagiarism,Moderate,PHYS101,Instructor,24,False
2025-10-22,Cheating,Moderate,MATH101,TA,14,False
2025-10-22,Facilitation,Moderate,ENG101,Instructor,16,False
2025-10-22,Cheating,Major,CS101,Instructor,20,False
2025-10-22,Unauthorized AI Use,Major,MATH101,Administrator,9,False
2025-10-22,Plagiarism,Major,CS201,Instructor,11,False
2025-10-22,Unauthorized AI Use,Moderate,CS101,Instructor,11,False
2025-10-23,Cheating,Moderate,CS101,TA,11,False
2025-10-23,Cheating,Moderate,ENG101,Peer,14,True
2025-10-23,Fabrication,Moderate,CS101,Administrator,21,False
2025-10-23,Plagiarism,Moderate,CS201,Peer,14,False
2025-10-23,Facilitation,Minor,ENG101,TA,8,False
2025-10-23,Cheating,Minor,ENG101,Peer,9,True
2025-10-23,Cheating,Major,CS101,Peer,14,True
2025-10-24,Unauthorized AI Use,Moderate,MATH101,Administrator,15,False
2025-10-24,Plagiarism,Major,MATH101,Peer,10,False
2025-10-24,Facilitation,Moderate,ENG101,Peer,10,False
2025-10-24,Cheating,Minor,MATH101,Instructor,16,False
2025-10-24,Plagiarism,Minor,PHYS101,Peer,19,False
2025-10-24,Unauthorized AI Use,Major,CS101,Administrator,12,False
2025-10-24,Cheating,Moderate,PHYS101,Administrator,17,False
2025-10-24,Fabrication,Minor,MATH101,Peer,18,False
2025-10-24,Plagiarism,Major,CS201,Instructor,18,False
2025-10-25,Plagiarism,Major,PHYS101,Instructor,14,False
2025-10-25,Cheating,Major,MATH101,TA,18,False
2025-10-25,Plagiarism,Minor,PHYS101,Administrator,15,False
2025-10-25,Cheating,Moderate,ENG101,Instructor,16,False
2025-10-25,Cheating,Moderate,PHYS101,TA,13,False
2025-10-25,Plagiarism,Moderate,PHYS101,Peer,11,False
2025-10-25,Unauthorized AI Use,Minor,CS201,Peer,14,False
2025-10-25,Cheating,Major,ENG101,Administrator,16,False
2025-10-25,Fabrication,Minor,CS201,TA,18,False
2025-10-26,Cheating,Moderate,ENG101,Peer,17,False
2025-10-26,Unauthorized AI Use,Moderate,MATH101,Administrator,12,True
2025-10-26,Plagiarism,Moderate,MATH101,TA,11,False
2025-10-26,Plagiarism,Major,CS201,TA,16,False
2025-10-26,Fabrication,Moderate,CS201,Instructor,17,True
2025-10-26,Cheating,Minor,ENG101,Administrator,8,False
2025-10-26,Unauthorized AI Use,Major,CS101,Instructor,20,False
2025-10-26,Fabrication,Major,CS101,Peer,18,True
2025-10-26,Plagiarism,Moderate,CS101,TA,11,True
2025-10-27,Cheating,Major,PHYS101,Peer,14,False
2025-10-27,Plagiarism,Moderate,CS101,Instructor,11,False
2025-10-27,Unauthorized AI Use,Moderate,ENG101,Administrator,15,False
2025-10-27,Cheating,Minor,PHYS101,TA,14,False
2025-10-27,Plagiarism,Major,CS201,Peer,15,False
2025-10-27,Cheating,Moderate,ENG101,Peer,22,False
2025-10-28,Cheating,Major,ENG101,Peer,16,False
2025-10-28,Unauthorized AI Use,Moderate,PHYS101,Peer,22,True
2025-10-28,Cheating,Moderate,MATH101,TA,13,False
2025-10-28,Plagiarism,Major,PHYS101,Peer,14,False
2025-10-28,Fabrication,Major,MATH101,TA,21,False
2025-10-29,Cheating,Major,CS201,Instructor,22,False
2025-10-29,Unauthorized AI Use,Moderate,PHYS101,Administrator,12,False
2025-10-29,Facilitation,Moderate,CS201,TA,19,False
2025-10-29,Plagiarism,Moderate,CS201,Instructor,23,False
2025-10-29,Plagiarism,Minor,CS101,Administrator,15,False
2025-10-29,Cheating,Moderate,CS101,Peer,22,False
2025-10-29,Fabrication,Moderate,CS101,Peer,24,False
2025-10-29,Cheating,Moderate,CS101,Peer,5,False
2025-10-29,Plagiarism,Major,CS201,Instructor,11,False
2025-10-29,Unauthorized AI Use,Moderate,MATH101,Peer,17,False
2025-10-29,Plagiarism,Major,CS101,Peer,16,False
2025-10-30,Unauthorized AI Use,Moderate,PHYS101,Administrator,17,False
2025-10-30,Fabrication,Major,PHYS101,TA,5,False
2025-10-30,Facilitation,Major,CS201,TA,21,False
2025-10-30,Unauthorized AI Use,Minor,MATH101,Peer,17,False
2025-10-30,Plagiarism,Major,MATH101,Instructor,25,False
2025-10-30,Cheating,Minor,CS101,TA,11,False
2025-10-30,Facilitation,Major,MATH101,Peer,18,True
2025-10-31,Plagiarism,Moderate,ENG101,Instructor,24,True
2025-10-31,Unauthorized AI Use,Minor,PHYS101,Administrator,16,False
2025-10-31,Facilitation,Moderate,PHYS101,TA,8,False
2025-10-31,Plagiarism,Major,PHYS101,Peer,12,False
2025-10-31,Plagiarism,Minor,CS201,Peer,19,False
2025-10-31,Cheating,Minor,CS101,Instructor,16,False
2025-10-31,Unauthorized AI Use,Moderate,ENG101,Instructor,17,False
2025-10-31,Unauthorized AI Use,Minor,CS201,Instructor,13,False
2025-10-31,Cheating,Moderate,MATH101,Peer,9,False
2025-10-31,Cheating,Minor,MATH101,Instructor,12,False
2025-11-01,Plagiarism,Minor,MATH101,Peer,16,False
2025-11-01,Plagiarism,Major,CS101,Peer,8,False
2025-11-01,Plagiarism,Major,CS201,Instructor,14,False
2025-11-01,Unauthorized AI Use,Major,CS201,Instructor,11,False
2025-11-01,Cheating,Major,CS201,Peer,13,False
2025-11-02,Unauthorized AI Use,Moderate,CS101,TA,19,False
2025-11-02,Fabrication,Major,PHYS101,TA,16,True
2025-11-02,Fabrication,Minor,ENG101,Administrator,11,False
2025-11-02,Unauthorized AI Use,Minor,MATH101,TA,18,False
2025-11-02,Unauthorized AI Use,Minor,ENG101,Administrator,7,False
2025-11-02,Plagiarism,Major,CS201,TA,16,True
2025-11-02,Cheating,Minor,CS201,Peer,7,False
2025-11-03,Cheating,Moderate,ENG101,TA,14,False
2025-11-03,Fabrication,Moderate,ENG101,Peer,13,False
2025-11-03,Unauthorized AI Use,Major,CS201,Administrator,16,False
2025-11-03,Unauthorized AI Use,Moderate,CS201,Peer,9,False
2025-11-03,Cheating,Major,CS201,Administrator,10,False
2025-11-03,Unauthorized AI Use,Moderate,CS101,Instructor,13,False
2025-11-03,Plagiarism,Minor,PHYS101,Instructor,11,True
2025-11-03,Plagiarism,Moderate,PHYS101,Administrator,17,False
2025-11-03,Unauthorized AI Use,Major,MATH101,TA,18,False
2025-11-03,Cheating,Moderate,PHYS101,Peer,20,True
2025-11-03,Cheating,Moderate,CS101,Peer,13,False
2025-11-04,Cheating,Moderate,CS201,TA,10,False
2025-11-04,Cheating,Minor,PHYS101,Administrator,11,False
2025-11-04,Facilitation,Major,CS201,Peer,13,False
2025-11-04,Plagiarism,Moderate,MATH101,TA,17,False
2025-11-04,Cheating,Major,ENG101,TA,8,False
2025-11-04,Fabrication,Major,CS101,Administrator,11,True
2025-11-05,Cheating,Major,CS101,TA,15,False
2025-11-05,Fabrication,Moderate,CS201,TA,17,False
2025-11-05,Plagiarism,Moderate,MATH101,Administrator,13,False
2025-11-05,Plagiarism,Major,CS201,Peer,18,False
2025-11-06,Cheating,Major,CS201,TA,17,False
2025-11-06,Fabrication,Minor,PHYS101,TA,15,False
2025-11-06,Unauthorized AI Use,Major,PHYS101,Instructor,14,False
2025-11-06,Cheating,Moderate,CS201,Administrator,9,False
2025-11-06,Facilitation,Major,MATH101,TA,11,False
2025-11-06,Cheating,Minor,CS101,TA,11,False
2025-11-06,Cheating,Minor,CS101,Instructor,16,False
2025-11-07,Fabrication,Minor,CS101,Administrator,9,False
2025-11-07,Fabrication,Minor,MATH101,Peer,16,False
2025-11-07,Plagiarism,Minor,CS101,Instructor,21,True
2025-11-07,Plagiarism,Minor,CS201,Administrator,10,False
2025-11-08,Plagiarism,Major,PHYS101,Administrator,16,False
2025-11-08,Unauthorized AI Use,Minor,CS201,Administrator,11,False
2025-11-08,Plagiarism,Minor,MATH101,Peer,16,False
2025-11-08,Cheating,Minor,ENG101,Administrator,9,True
2025-11-09,Unauthorized AI Use,Minor,ENG101,Peer,16,False
2025-11-09,Plagiarism,Moderate,MATH101,Instructor,10,False
2025-11-09,Unauthorized AI Use,Moderate,CS201,Peer,11,False
2025-11-09,Unauthorized AI Use,Moderate,CS101,Instructor,17,True
2025-11-09,Plagiarism,Moderate,CS101,Peer,11,False
2025-11-10,Cheating,Moderate,CS101,TA,10,False
2025-11-10,Unauthorized AI Use,Minor,MATH101,Peer,17,False
2025-11-10,Unauthorized AI Use,Minor,MATH101,Administrator,22,False
2025-11-10,Unauthorized AI Use,Major,ENG101,Administrator,16,True
2025-11-10,Cheating,Major,MATH101,TA,19,False
2025-11-10,Fabrication,Minor,ENG101,Instructor,5,False
2025-11-11,Unauthorized AI Use,Major,CS201,Administrator,7,False
2025-11-11,Fabrication,Major,ENG101,Peer,16,True
2025-11-11,Fabrication,Major,MATH101,Peer,14,False
2025-11-11,Facilitation,Minor,CS201,Peer,14,False
2025-11-11,Facilitation,Minor,CS201,Administrator,12,False
2025-11-12,Unauthorized AI Use,Major,MATH101,TA,10,False
2025-11-12,Plagiarism,Moderate,MATH101,Peer,18,False
2025-11-12,Unauthorized AI Use,Minor,CS201,TA,12,False
2025-11-12,Plagiarism,Major,PHYS101,Instructor,18,False
2025-11-12,Unauthorized AI Use,Moderate,CS201,Instructor,14,False
2025-11-12,Unauthorized AI Use,Major,MATH101,Instructor,16,False
2025-11-12,Plagiarism,Minor,ENG101,Administrator,13,True
2025-11-13,Plagiarism,Minor,PHYS101,Instructor,10,True
2025-11-13,Plagiarism,Major,ENG101,TA,14,False
2025-11-13,Plagiarism,Moderate,CS101,TA,18,False
2025-11-13,Unauthorized AI Use,Moderate,CS101,TA,14,False
2025-11-13,Fabrication,Major,PHYS101,Peer,16,False
2025-11-13,Plagiarism,Major,PHYS101,Peer,16,True
2025-11-13,Cheating,Moderate,ENG101,Administrator,15,False
2025-11-13,Facilitation,Moderate,CS201,Instructor,11,False
2025-11-13,Facilitation,Major,CS101,Administrator,15,False
2025-11-14,Fabrication,Minor,MATH101,Instructor,12,False
2025-11-14,Cheating,Moderate,PHYS101,Administrator,15,False
2025-11-14,Plagiarism,Moderate,MATH101,Instructor,15,True
2025-11-14,Unauthorized AI Use,Minor,ENG101,Peer,22,False
2025-11-14,Plagiarism,Major,CS101,Peer,14,False
2025-11-14,Cheating,Major,PHYS101,TA,21,False
2025-11-14,Fabrication,Minor,CS101,Administrator,13,False
2025-11-14,Unauthorized AI Use,Moderate,CS201,TA,12,False
2025-11-15,Fabrication,Moderate,PHYS101,Peer,22,False
2025-11-15,Fabrication,Minor,CS201,Administrator,17,False
2025-11-15,Facilitation,Minor,PHYS101,Instructor,9,False
2025-11-15,Cheating,Moderate,PHYS101,Peer,21,False
2025-11-15,Plagiarism,Major,MATH101,Peer,14,False
2025-11-15,Fabrication,Moderate,ENG101,Instructor,9,False
2025-11-15,Fabrication,Moderate,PHYS101,Administrator,18,False
2025-11-15,Fabrication,Minor,CS201,Administrator,18,False
2025-11-16,Fabrication,Moderate,CS201,Instructor,16,True
2025-11-16,Cheating,Minor,CS101,Administrator,16,False
2025-11-16,Fabrication,Moderate,CS201,TA,21,False
2025-11-16,Unauthorized AI Use,Moderate,ENG101,TA,15,False
2025-11-17,Cheating,Major,MATH101,Instructor,11,True
2025-11-17,Cheating,Moderate,CS201,TA,8,True
2025-11-17,Plagiarism,Minor,PHYS101,Peer,15,False
2025-11-17,Plagiarism,Major,CS201,TA,9,False
2025-11-17,Cheating,Minor,PHYS101,Instructor,14,False
2025-11-17,Cheating,Major,CS101,TA,17,False
2025-11-17,Unauthorized AI Use,Major,CS201,Administrator,16,False
2025-11-17,Unauthorized AI Use,Major,MATH101,TA,16,False
2025-11-18,Unauthorized AI Use,Moderate,MATH101,Administrator,16,True
2025-11-18,Fabrication,Moderate,ENG101,Peer,16,False
2025-11-18,Fabrication,Moderate,MATH101,Instructor,17,False
2025-11-18,Cheating,Moderate,ENG101,TA,14,False
2025-11-19,Facilitation,Major,PHYS101,Instructor,15,False
2025-11-19,Facilitation,Minor,CS201,Administrator,16,False
2025-11-19,Cheating,Moderate,MATH101,Instructor,13,False
2025-11-19,Fabrication,Minor,MATH101,Instructor,8,False
2025-11-20,Cheating,Moderate,CS101,Peer,9,False
2025-11-20,Cheating,Moderate,CS101,Instructor,16,False
2025-11-20,Facilitation,Moderate,CS101,TA,16,True
2025-11-20,Fabrication,Minor,MATH101,Administrator,15,False
2025-11-20,Unauthorized AI Use,Minor,ENG101,Peer,13,False
2025-11-21,Unauthorized AI Use,Major,CS201,Instructor,12,True
2025-11-21,Cheating,Major,CS101,Instructor,22,False
2025-11-21,Unauthorized AI Use,Minor,PHYS101,Peer,13,False
2025-11-21,Plagiarism,Moderate,CS101,Administrator,11,False
2025-11-21,Cheating,Moderate,CS201,Peer,19,True
2025-11-21,Plagiarism,Major,PHYS101,Administrator,13,False
2025-11-21,Unauthorized AI Use,Moderate,ENG101,TA,14,False
2025-11-21,Fabrication,Minor,CS201,Instructor,15,False
2025-11-22,Facilitation,Major,ENG101,TA,15,False
2025-11-22,Facilitation,Major,MATH101,Instructor,11,False
2025-11-23,Cheating,Moderate,CS201,Peer,13,False
2025-11-23,Fabrication,Moderate,ENG101,Instructor,18,False
2025-11-23,Plagiarism,Moderate,CS201,Administrator,13,False
2025-11-23,Plagiarism,Major,CS201,Peer,20,False
2025-11-23,Plagiarism,Moderate,CS101,TA,16,False
2025-11-24,Fabrication,Major,MATH101,TA,13,False
2025-11-24,Plagiarism,Minor,CS101,Administrator,17,False
2025-11-24,Cheating,Moderate,CS201,Administrator,20,False
2025-11-24,Unauthorized AI Use,Moderate,MATH101,Instructor,20,False
2025-11-24,Fabrication,Minor,MATH101,Peer,12,False
2025-11-24,Unauthorized AI Use,Moderate,CS101,Peer,18,True
2025-11-25,Unauthorized AI Use,Moderate,MATH101,Peer,14,False
2025-11-25,Cheating,Minor,CS101,Administrator,13,False
2025-11-25,Unauthorized AI Use,Moderate,CS201,TA,17,False
2025-11-25,Cheating,Moderate,PHYS101,Instructor,18,True
2025-11-25,Fabrication,Moderate,ENG101,Administrator,19,False
2025-11-25,Cheating,Major,MATH101,Administrator,14,False
2025-11-25,Unauthorized AI Use,Moderate,CS201,Instructor,10,False
2025-11-26,Unauthorized AI Use,Minor,ENG101,TA,11,False
2025-11-26,Plagiarism,Major,ENG101,Peer,12,False
2025-11-26,Cheating,Moderate,CS101,TA,13,False
2025-11-26,Plagiarism,Moderate,CS201,Administrator,13,False
2025-11-26,Plagiarism,Minor,CS201,Administrator,16,False
2025-11-26,Plagiarism,Major,PHYS101,TA,21,False
2025-11-26,Fabrication,Minor,PHYS101,Administrator,20,False
2025-11-26,Facilitation,Minor,MATH101,Administrator,22,False
2025-11-26,Unauthorized AI Use,Major,MATH101,Administrator,15,False
2025-11-27,Unauthorized AI Use,Minor,MATH101,Instructor,17,False
2025-11-27,Cheating,Minor,MATH101,Administrator,11,True
2025-11-27,Unauthorized AI Use,Minor,ENG101,Administrator,13,False
2025-11-27,Unauthorized AI Use,Moderate,CS101,Administrator,12,False
2025-11-27,Unauthorized AI Use,Major,MATH101,Instructor,14,False
2025-11-27,Facilitation,Major,MATH101,Administrator,14,False
2025-11-28,Cheating,Minor,MATH101,TA,12,False
2025-11-28,Facilitation,Moderate,CS201,Instructor,16,False
2025-11-28,Unauthorized AI Use,Minor,CS201,TA,14,False
2025-11-28,Plagiarism,Minor,CS201,Instructor,17,False
2025-11-28,Unauthorized AI Use,Major,PHYS101,Administrator,14,False
2025-11-29,Plagiarism,Moderate,ENG101,Administrator,14,True
2025-11-29,Cheating,Minor,CS201,Peer,23,False
2025-11-29,Unauthorized AI Use,Major,CS101,TA,13,False
2025-11-29,Unauthorized AI Use,Moderate,ENG101,Instructor,13,False
2025-11-29,Unauthorized AI Use,Moderate,CS101,TA,13,False
2025-11-29,Cheating,Major,ENG101,TA,14,False
2025-11-29,Unauthorized AI Use,Major,CS101,Instructor,21,True
2025-11-30,Plagiarism,Minor,ENG101,Instructor,16,False
2025-11-30,Plagiarism,Major,ENG101,TA,12,False
2025-12-01,Facilitation,Moderate,CS101,TA,17,False
2025-12-01,Facilitation,Moderate,ENG101,TA,17,False
2025-12-01,Cheating,Minor,MATH101,Instructor,24,False
2025-12-01,Plagiarism,Moderate,CS101,Instructor,19,False
2025-12-01,Facilitation,Moderate,CS101,TA,14,False
2025-12-01,Cheating,Major,CS201,Peer,13,False
2025-12-01,Plagiarism,Major,PHYS101,Administrator,21,False
2025-12-02,Unauthorized AI Use,Major,CS101,Instructor,22,False
2025-12-02,Cheating,Major,CS201,Instructor,16,False
2025-12-02,Plagiarism,Minor,CS101,TA,16,False
2025-12-02,Plagiarism,Major,ENG101,TA,19,False
2025-12-02,Fabrication,Moderate,PHYS101,Peer,23,False
2025-12-02,Unauthorized AI Use,Moderate,MATH101,Instructor,10,False
2025-12-02,Cheating,Major,CS201,TA,22,False
2025-12-03,Facilitation,Minor,ENG101,Instructor,14,False
2025-12-03,Plagiarism,Minor,MATH101,Administrator,13,False
2025-12-03,Fabrication,Major,CS201,TA,13,False
2025-12-03,Plagiarism,Minor,CS101,TA,13,False
2025-12-03,Unauthorized AI Use,Moderate,ENG101,Instructor,17,False
2025-12-03,Unauthorized AI Use,Moderate,CS101,Instructor,18,False
2025-12-04,Facilitation,Major,PHYS101,Peer,14,False
2025-12-04,Unauthorized AI Use,Minor,PHYS101,Peer,9,False
2025-12-04,Unauthorized AI Use,Moderate,ENG101,Peer,13,False
2025-12-04,Fabrication,Minor,PHYS101,TA,11,False
2025-12-04,Unauthorized AI Use,Moderate,CS201,TA,18,False
2025-12-04,Plagiarism,Moderate,MATH101,TA,22,False
2025-12-04,Cheating,Minor,ENG101,TA,6,False
2025-12-04,Plagiarism,Major,PHYS101,Instructor,11,False
2025-12-04,Plagiarism,Moderate,CS201,Peer,15,True
2025-12-04,Cheating,Moderate,MATH101,Peer,23,False
2025-12-05,Fabrication,Minor,CS201,TA,18,False
2025-12-05,Fabrication,Major,CS201,Peer,13,False
2025-12-05,Unauthorized AI Use,Major,CS201,Instructor,23,False
2025-12-05,Plagiarism,Minor,CS201,Administrator,19,False
2025-12-05,Plagiarism,Minor,MATH101,Peer,19,True
2025-12-06,Plagiarism,Moderate,CS201,Peer,16,True
2025-12-06,Plagiarism,Moderate,CS201,TA,17,False
2025-12-07,Facilitation,Minor,MATH101,Administrator,19,False
2025-12-07,Cheating,Minor,PHYS101,Instructor,15,True
2025-12-07,Cheating,Minor,PHYS101,Instructor,15,False
2025-12-08,Unauthorized AI Use,Moderate,CS201,Instructor,21,False
2025-12-08,Facilitation,Moderate,CS101,Instructor,16,False
2025-12-08,Cheating,Major,PHYS101,TA,13,False
2025-12-08,Facilitation,Moderate,CS201,Peer,9,False
2025-12-09,Unauthorized AI Use,Major,CS101,Peer,18,False
2025-12-09,Cheating,Moderate,CS201,TA,19,False
2025-12-09,Facilitation,Minor,CS101,Instructor,16,False
2025-12-09,Fabrication,Minor,CS201,Instructor,21,False
2025-12-09,Cheating,Major,PHYS101,TA,15,False
2025-12-09,Plagiarism,Minor,MATH101,TA,13,False
2025-12-09,Unauthorized AI Use,Minor,ENG101,TA,14,False
2025-12-10,Unauthorized AI Use,Minor,PHYS101,Instructor,10,False
2025-12-10,Plagiarism,Minor,CS201,Administrator,11,True
2025-12-10,Fabrication,Moderate,CS201,Peer,8,False
2025-12-10,Plagiarism,Moderate,MATH101,Instructor,11,True
2025-12-10,Unauthorized AI Use,Moderate,PHYS101,Administrator,15,False
2025-12-10,Plagiarism,Minor,CS201,TA,17,False
2025-12-10,Cheating,Minor,CS101,Administrator,11,False
2025-12-10,Cheating,Moderate,CS201,TA,15,True
2025-12-10,Unauthorized AI Use,Moderate,CS201,Administrator,11,True
2025-12-10,Plagiarism,Major,CS101,Instructor,12,False
2025-12-10,Cheating,Major,MATH101,Peer,17,False
2025-12-11,Cheating,Moderate,MATH101,Instructor,15,False
2025-12-11,Fabrication,Moderate,CS201,Administrator,12,False
2025-12-11,Plagiarism,Major,ENG101,TA,12,False
2025-12-12,Unauthorized AI Use,Minor,MATH101,TA,14,False
2025-12-12,Cheating,Moderate,CS101,Administrator,13,False
2025-12-12,Facilitation,Minor,ENG101,TA,18,False
2025-12-12,Cheating,Moderate,CS101,Peer,13,False
2025-12-12,Unauthorized AI Use,Major,CS101,TA,10,False
2025-12-12,Facilitation,Minor,PHYS101,TA,11,False
2025-12-12,Plagiarism,Major,PHYS101,Instructor,13,True
2025-12-12,Cheating,Moderate,PHYS101,Administrator,15,False
2025-12-13,Cheating,Major,MATH101,TA,15,False
2025-12-13,Cheating,Moderate,CS201,Instructor,20,False
2025-12-13,Cheating,Minor,MATH101,Administrator,17,False
2025-12-13,Cheating,Moderate,CS101,Administrator,14,False
2025-12-13,Cheating,Minor,CS201,Instructor,10,False
2025-12-13,Fabrication,Moderate,MATH101,TA,17,False
2025-12-13,Unauthorized AI Use,Moderate,CS201,Administrator,16,False
2025-12-13,Cheating,Minor,MATH101,Peer,12,False
2025-12-14,Plagiarism,Major,ENG101,TA,12,False
2025-12-14,Cheating,Moderate,CS101,Instructor,14,False
2025-12-14,Unauthorized AI Use,Major,PHYS101,Peer,12,False
2025-12-14,Plagiarism,Major,MATH101,Administrator,12,False
2025-12-14,Plagiarism,Moderate,ENG101,TA,14,False
2025-12-15,Unauthorized AI Use,Moderate,PHYS101,Peer,17,False
2025-12-15,Plagiarism,Moderate,MATH101,Administrator,16,False
2025-12-15,Plagiarism,Moderate,CS201,Peer,15,False
2025-12-15,Plagiarism,Moderate,CS101,TA,17,False
2025-12-15,Facilitation,Major,MATH101,Administrator,9,False
2025-12-15,Fabrication,Moderate,CS201,TA,17,False
2025-12-15,Fabrication,Major,CS101,Instructor,6,False
2025-12-15,Cheating,Minor,CS101,Administrator,19,False
2025-12-15,Facilitation,Minor,ENG101,Peer,22,False
2025-12-16,Cheating,Major,CS101,Administrator,16,True
2025-12-16,Plagiarism,Major,PHYS101,Administrator,12,False
2025-12-16,Cheating,Moderate,MATH101,Instructor,17,True
2025-12-16,Cheating,Minor,CS101,Peer,13,True
2025-12-16,Plagiarism,Moderate,CS101,Peer,15,False
2025-12-16,Unauthorized AI Use,Minor,CS101,Instructor,13,False
2025-12-16,Plagiarism,Moderate,PHYS101,Peer,19,False
2025-12-16,Plagiarism,Minor,CS101,Administrator,11,False
2025-12-16,Fabrication,Minor,CS201,TA,12,False
2025-12-16,Facilitation,Moderate,CS201,Peer,14,False
2025-12-16,Cheating,Moderate,ENG101,Administrator,18,True
2025-12-17,Fabrication,Moderate,PHYS101,Instructor,21,False
2025-12-17,Cheating,Moderate,MATH101,TA,9,False
2025-12-17,Plagiarism,Minor,CS101,TA,21,False
2025-12-17,Facilitation,Major,PHYS101,Instructor,13,False
2025-12-17,Plagiarism,Moderate,MATH101,Peer,19,True
2025-12-17,Cheating,Moderate,CS101,Instructor,20,False
2025-12-17,Fabrication,Minor,ENG101,Peer,12,True
2025-12-17,Unauthorized AI Use,Minor,CS201,Instructor,18,True
2025-12-17,Fabrication,Minor,PHYS101,Peer,23,False
2025-12-17,Facilitation,Moderate,CS101,TA,24,False
2025-12-17,Unauthorized AI Use,Minor,MATH101,Instructor,16,True
2025-12-18,Cheating,Major,ENG101,Administrator,18,False
2025-12-18,Facilitation,Moderate,ENG101,TA,17,False
2025-12-18,Unauthorized AI Use,Moderate,ENG101,Administrator,18,False
2025-12-18,Cheating,Major,CS101,Peer,16,False
2025-12-18,Unauthorized AI Use,Minor,MATH101,Peer,19,True
2025-12-18,Fabrication,Major,MATH101,Administrator,11,False
2025-12-18,Unauthorized AI Use,Major,MATH101,Instructor,16,False
2025-12-19,Fabrication,Major,PHYS101,Peer,19,True
2025-12-19,Unauthorized AI Use,Major,CS101,TA,18,False
2025-12-19,Cheating,Moderate,CS101,Instructor,20,False
2025-12-19,Fabrication,Major,CS201,Administrator,10,False
2025-12-19,Plagiarism,Minor,MATH101,TA,13,False
2025-12-19,Plagiarism,Minor,MATH101,Peer,17,False
2025-12-19,Fabrication,Moderate,CS201,Instructor,14,False
2025-12-19,Plagiarism,Minor,CS201,Administrator,17,False
2025-12-19,Cheating,Moderate,PHYS101,Peer,12,False
2025-12-19,Plagiarism,Major,ENG101,Instructor,13,False
2025-12-20,Facilitation,Moderate,PHYS101,TA,12,False
2025-12-20,Unauthorized AI Use,Major,MATH101,Peer,14,False
2025-12-20,Plagiarism,Moderate,ENG101,Instructor,21,True
2025-12-20,Fabrication,Moderate,ENG101,Administrator,20,False
2025-12-20,Fabrication,Moderate,MATH101,Administrator,21,True
2025-12-20,Facilitation,Major,CS101,Administrator,20,False
2025-12-20,Facilitation,Major,PHYS101,Instructor,9,False
2025-12-21,Fabrication,Moderate,PHYS101,TA,12,True
2025-12-21,Cheating,Moderate,MATH101,Peer,9,False
2025-12-21,Unauthorized AI Use,Major,CS101,TA,24,False
2025-12-21,Plagiarism,Major,CS101,Administrator,13,False
2025-12-21,Unauthorized AI Use,Minor,PHYS101,TA,15,False
2025-12-21,Facilitation,Moderate,CS101,Peer,18,False
2025-12-21,Plagiarism,Minor,PHYS101,TA,16,False
2025-12-22,Unauthorized AI Use,Minor,MATH101,TA,10,True
2025-12-22,Plagiarism,Moderate,PHYS101,Administrator,14,False
2025-12-22,Plagiarism,Minor,CS201,Instructor,19,False
2025-12-22,Fabrication,Minor,ENG101,Instructor,11,False
2025-12-22,Plagiarism,Major,CS101,Administrator,24,False
2025-12-22,Facilitation,Moderate,CS101,TA,11,False
2025-12-22,Cheating,Moderate,PHYS101,Peer,18,False
2025-12-22,Plagiarism,Major,PHYS101,Peer,8,False
2025-12-22,Cheating,Moderate,ENG101,Instructor,25,False
2025-12-23,Plagiarism,Minor,CS101,Administrator,15,False
2025-12-23,Fabrication,Moderate,CS201,Peer,13,False
2025-12-23,Plagiarism,Minor,ENG101,Instructor,18,False
2025-12-23,Unauthorized AI Use,Minor,CS101,TA,10,False
2025-12-23,Unauthorized AI Use,Moderate,MATH101,Instructor,20,False
2025-12-23,Unauthorized AI Use,Moderate,CS101,Instructor,17,True
2025-12-23,Facilitation,Major,MATH101,Instructor,12,False
2025-12-23,Unauthorized AI Use,Major,MATH101,Administrator,13,False
2025-12-23,Cheating,Minor,MATH101,Instructor,13,False
2025-12-23,Cheating,Moderate,CS201,Instructor,18,True
2025-12-23,Plagiarism,Major,PHYS101,TA,12,False
2025-12-23,Fabrication,Moderate,PHYS101,Instructor,16,True
2025-12-23,Fabrication,Major,PHYS101,Peer,13,False
2025-12-24,Facilitation,Moderate,PHYS101,TA,17,False
2025-12-24,Plagiarism,Moderate,CS101,Instructor,20,False
2025-12-24,Plagiarism,Minor,CS101,Peer,17,False
2025-12-24,Fabrication,Major,MATH101,TA,17,True
2025-12-24,Unauthorized AI Use,Moderate,PHYS101,TA,19,False
2025-12-24,Facilitation,Major,ENG101,Peer,15,False
2025-12-24,Unauthorized AI Use,Moderate,CS201,Instructor,8,False
2025-12-24,Plagiarism,Minor,ENG101,TA,18,True
2025-12-24,Fabrication,Moderate,CS201,Peer,12,False
2025-12-24,Plagiarism,Moderate,ENG101,Peer,15,False
2025-12-24,Fabrication,Minor,MATH101,Instructor,14,False
2025-12-25,Facilitation,Major,PHYS101,Instructor,15,False
2025-12-25,Unauthorized AI Use,Major,PHYS101,TA,21,False
2025-12-25,Plagiarism,Minor,ENG101,Peer,23,False
2025-12-25,Cheating,Major,CS201,TA,16,False
2025-12-25,Cheating,Minor,CS201,Instructor,15,False
2025-12-25,Cheating,Minor,PHYS101,Instructor,13,False
2025-12-26,Plagiarism,Moderate,ENG101,TA,20,False
2025-12-26,Cheating,Moderate,MATH101,Administrator,14,True
2025-12-26,Plagiarism,Major,ENG101,Instructor,18,False
2025-12-26,Cheating,Moderate,CS201,Administrator,17,False
2025-12-26,Facilitation,Moderate,CS101,Administrator,16,False
2025-12-26,Unauthorized AI Use,Moderate,CS101,TA,13,False
2025-12-26,Cheating,Moderate,PHYS101,TA,13,False
2025-12-27,Unauthorized AI Use,Moderate,MATH101,Peer,11,True
2025-12-28,Plagiarism,Major,MATH101,TA,12,True
2025-12-28,Unauthorized AI Use,Major,CS201,Peer,12,False
2025-12-28,Cheating,Minor,MATH101,Instructor,14,False
2025-12-28,Facilitation,Moderate,CS101,TA,12,False
2025-12-28,Unauthorized AI Use,Moderate,ENG101,Administrator,13,False
2025-12-28,Unauthorized AI Use,Minor,CS201,Administrator,11,False
2025-12-29,Fabrication,Moderate,PHYS101,Instructor,19,False
2025-12-29,Plagiarism,Moderate,PHYS101,Administrator,11,False
2025-12-29,Unauthorized AI Use,Moderate,ENG101,Administrator,17,False
2025-12-29,Plagiarism,Moderate,CS101,TA,18,False
2025-12-29,Unauthorized AI Use,Moderate,ENG101,TA,15,True
2025-12-29,Facilitation,Moderate,MATH101,TA,17,True
2025-12-29,Plagiarism,Minor,CS101,TA,16,False
2025-12-30,Unauthorized AI Use,Moderate,CS101,Peer,18,False
2025-12-30,Fabrication,Minor,CS201,Administrator,12,False
2025-12-30,Fabrication,Major,CS201,Peer,12,False
2025-12-30,Fabrication,Moderate,MATH101,TA,18,False
2025-12-30,Cheating,Moderate,CS201,Administrator,16,False
2025-12-30,Cheating,Minor,ENG101,Instructor,11,False
2025-12-30,Unauthorized AI Use,Moderate,CS201,Administrator,14,False
2025-12-30,Unauthorized AI Use,Major,ENG101,TA,18,False
2025-12-30,Cheating,Major,CS101,Instructor,20,False
2025-12-30,Unauthorized AI Use,Major,MATH101,Peer,9,False
2025-12-31,Plagiarism,Moderate,CS201,Instructor,14,False
2025-12-31,Plagiarism,Minor,CS201,TA,17,False
2025-12-31,Unauthorized AI Use,Moderate,CS201,TA,15,False
2025-12-31,Cheating,Minor,CS201,TA,17,True
2025-12-31,Unauthorized AI Use,Moderate,CS101,Instructor,16,False
2025-12-31,Unauthorized AI Use,Minor,CS101,TA,10,False
2025-12-31,Cheating,Moderate,MATH101,TA,7,False
2025-12-31,Cheating,Minor,MATH101,TA,13,False
2025-12-31,Plagiarism,Moderate,PHYS101,Instructor,11,False
2026-01-01,Plagiarism,Minor,CS101,Peer,15,False
2026-01-01,Facilitation,Minor,CS201,Instructor,17,False
2026-01-01,Cheating,Minor,MATH101,TA,11,False
2026-01-01,Plagiarism,Moderate,PHYS101,Instructor,16,True
2026-01-01,Unauthorized AI Use,Minor,CS101,Peer,17,False
2026-01-01,Plagiarism,Moderate,ENG101,Administrator,15,False
2026-01-01,Plagiarism,Major,ENG101,Instructor,8,False
2026-01-01,Cheating,Moderate,MATH101,Administrator,21,False
2026-01-01,Fabrication,Major,CS201,Peer,11,False
2026-01-01,Cheating,Major,CS201,TA,9,False
2026-01-01,Facilitation,Major,PHYS101,TA,14,False
2026-01-02,Plagiarism,Moderate,PHYS101,Peer,18,False
2026-01-02,Fabrication,Moderate,MATH101,Peer,10,True
2026-01-02,Cheating,Minor,CS201,Peer,16,False
2026-01-02,Cheating,Major,CS101,Administrator,9,False
2026-01-02,Plagiarism,Minor,ENG101,TA,18,False
2026-01-03,Cheating,Major,MATH101,Instructor,22,False
2026-01-03,Cheating,Major,CS201,Administrator,16,False
2026-01-03,Plagiarism,Minor,ENG101,Peer,14,True
2026-01-03,Fabrication,Moderate,ENG101,Administrator,11,False
2026-01-03,Plagiarism,Moderate,ENG101,TA,15,False
2026-01-04,Fabrication,Major,CS101,Instructor,17,False
2026-01-05,Plagiarism,Moderate,MATH101,Instructor,15,False
2026-01-05,Plagiarism,Minor,CS201,Administrator,15,False
2026-01-05,Unauthorized AI Use,Moderate,CS101,Peer,12,False
2026-01-05,Plagiarism,Major,PHYS101,Instructor,16,True
2026-01-05,Facilitation,Minor,CS101,TA,17,True
2026-01-05,Unauthorized AI Use,Minor,MATH101,Administrator,14,False
2026-01-06,Fabrication,Major,CS201,Instructor,26,False
2026-01-06,Cheating,Moderate,CS101,TA,10,False
2026-01-06,Plagiarism,Minor,ENG101,Instructor,18,False
2026-01-06,Plagiarism,Major,CS201,Instructor,12,False
2026-01-06,Plagiarism,Moderate,ENG101,TA,20,False
2026-01-06,Plagiarism,Major,PHYS101,Instructor,14,False
2026-01-06,Plagiarism,Major,CS101,Administrator,18,False
2026-01-06,Facilitation,Moderate,MATH101,Instructor,23,False
2026-01-06,Plagiarism,Major,ENG101,Administrator,7,False
2026-01-07,Plagiarism,Major,MATH101,Administrator,15,False
2026-01-07,Cheating,Major,CS201,Administrator,10,False
2026-01-07,Plagiarism,Moderate,CS101,Instructor,17,True
2026-01-07,Facilitation,Minor,ENG101,Instructor,13,False
2026-01-07,Facilitation,Minor,CS201,Administrator,13,False
2026-01-07,Plagiarism,Minor,MATH101,Peer,13,False
2026-01-07,Plagiarism,Minor,CS201,Instructor,13,False
2026-01-07,Fabrication,Major,ENG101,Instructor,10,True
2026-01-07,Facilitation,Moderate,MATH101,Peer,13,False
2026-01-08,Plagiarism,Moderate,CS201,Instructor,10,True
2026-01-08,Unauthorized AI Use,Minor,ENG101,Administrator,19,False
2026-01-08,Unauthorized AI Use,Moderate,PHYS101,Peer,21,False
2026-01-08,Facilitation,Moderate,CS201,Peer,20,False
2026-01-08,Plagiarism,Major,CS201,Administrator,12,False
2026-01-09,Plagiarism,Moderate,MATH101,TA,20,False
2026-01-09,Plagiarism,Moderate,PHYS101,Peer,16,False
2026-01-09,Cheating,Major,MATH101,Peer,17,False
2026-01-09,Fabrication,Minor,MATH101,TA,20,False
2026-01-09,Plagiarism,Moderate,CS101,TA,16,True
2026-01-09,Plagiarism,Minor,ENG101,Peer,14,False
2026-01-09,Plagiarism,Minor,PHYS101,Peer,21,False
2026-01-09,Fabrication,Minor,ENG101,Peer,14,True
2026-01-10,Unauthorized AI Use,Major,ENG101,Peer,15,False
2026-01-10,Plagiarism,Moderate,ENG101,Instructor,14,False
2026-01-10,Unauthorized AI Use,Major,MATH101,Peer,18,False
2026-01-10,Plagiarism,Moderate,MATH101,Peer,14,False
2026-01-10,Plagiarism,Major,CS101,Administrator,16,False
2026-01-10,Cheating,Moderate,ENG101,TA,17,False
2026-01-11,Cheating,Minor,CS201,Peer,21,False
2026-01-11,Cheating,Minor,ENG101,Administrator,20,False
2026-01-11,Plagiarism,Minor,CS101,TA,13,False
2026-01-11,Cheating,Moderate,PHYS101,Administrator,19,False
2026-01-12,Plagiarism,Minor,ENG101,Peer,17,False
2026-01-12,Cheating,Minor,PHYS101,TA,14,False
2026-01-12,Unauthorized AI Use,Major,PHYS101,Administrator,14,False
2026-01-12,Unauthorized AI Use,Moderate,ENG101,Administrator,14,False
2026-01-12,Plagiarism,Moderate,CS101,Administrator,14,False
2026-01-12,Fabrication,Minor,MATH101,Peer,21,True
2026-01-12,Cheating,Minor,PHYS101,Instructor,15,False
2026-01-12,Plagiarism,Moderate,PHYS101,Instructor,16,False
2026-01-12,Fabrication,Major,CS201,Peer,16,False
2026-01-12,Unauthorized AI Use,Moderate,MATH101,Instructor,16,False
2026-01-13,Cheating,Moderate,ENG101,Peer,15,False
2026-01-13,Unauthorized AI Use,Major,ENG101,Instructor,18,False
2026-01-13,Fabrication,Major,PHYS101,TA,23,False
2026-01-13,Cheating,Minor,PHYS101,Administrator,15,True
2026-01-13,Plagiarism,Major,MATH101,TA,13,False
2026-01-13,Plagiarism,Minor,CS201,TA,7,False
2026-01-13,Cheating,Moderate,MATH101,Instructor,21,False
2026-01-14,Cheating,Major,CS201,Administrator,13,False
2026-01-14,Fabrication,Major,CS201,TA,10,False
2026-01-14,Cheating,Moderate,CS101,Peer,19,False
2026-01-14,Facilitation,Moderate,CS101,Instructor,18,True
2026-01-15,Unauthorized AI Use,Minor,PHYS101,Instructor,16,False
2026-01-15,Plagiarism,Moderate,ENG101,TA,12,False
2026-01-15,Cheating,Major,CS201,Instructor,17,False
2026-01-15,Fabrication,Major,MATH101,TA,18,False
2026-01-15,Unauthorized AI Use,Moderate,PHYS101,Instructor,18,False
2026-01-15,Unauthorized AI Use,Minor,CS201,Instructor,14,False
2026-01-15,Cheating,Major,MATH101,TA,16,False
2026-01-15,Plagiarism,Moderate,CS101,TA,17,False
2026-01-15,Plagiarism,Moderate,MATH101,TA,18,True
2026-01-15,Plagiarism,Moderate,CS101,Administrator,12,False
2026-01-16,Fabrication,Minor,CS201,Instructor,19,False
2026-01-16,Fabrication,Major,PHYS101,Administrator,12,False
2026-01-16,Cheating,Moderate,MATH101,Administrator,20,False
2026-01-16,Fabrication,Major,MATH101,Administrator,16,False
2026-01-16,Cheating,Minor,MATH101,TA,22,False
2026-01-16,Facilitation,Minor,CS201,Instructor,14,False
2026-01-17,Plagiarism,Minor,PHYS101,Instructor,16,True
2026-01-17,Unauthorized AI Use,Minor,MATH101,Peer,15,False
2026-01-17,Plagiarism,Major,CS201,Instructor,15,True
2026-01-17,Cheating,Minor,CS201,Administrator,12,False
2026-01-17,Fabrication,Major,PHYS101,Instructor,20,False
2026-01-17,Cheating,Moderate,PHYS101,Peer,16,False
2026-01-17,Unauthorized AI Use,Major,MATH101,Instructor,6,True
2026-01-17,Fabrication,Moderate,CS201,TA,14,False
2026-01-17,Fabrication,Minor,MATH101,Administrator,9,False
2026-01-17,Unauthorized AI Use,Minor,PHYS101,Administrator,12,False
2026-01-17,Cheating,Moderate,CS201,Instructor,12,False
2026-01-17,Plagiarism,Major,CS201,Peer,17,False
2026-01-17,Unauthorized AI Use,Major,MATH101,TA,16,False
2026-01-18,Unauthorized AI Use,Minor,CS201,Administrator,8,False
2026-01-18,Fabrication,Major,CS101,TA,16,False
2026-01-18,Unauthorized AI Use,Moderate,ENG101,Instructor,12,False
2026-01-18,Plagiarism,Minor,ENG101,TA,17,False
2026-01-18,Cheating,Minor,CS101,Administrator,18,False
2026-01-18,Cheating,Minor,ENG101,Instructor,18,False
2026-01-18,Unauthorized AI Use,Moderate,CS101,TA,13,False
2026-01-19,Plagiarism,Minor,CS201,Peer,14,False
2026-01-19,Plagiarism,Minor,PHYS101,Instructor,13,False
2026-01-19,Plagiarism,Moderate,ENG101,Peer,18,False
2026-01-19,Facilitation,Major,CS201,Instructor,21,False
2026-01-19,Plagiarism,Moderate,ENG101,Instructor,15,False
2026-01-19,Fabrication,Moderate,MATH101,Instructor,11,True
2026-01-19,Plagiarism,Minor,PHYS101,Administrator,14,False
2026-01-20,Unauthorized AI Use,Moderate,CS101,TA,20,False
2026-01-20,Fabrication,Moderate,MATH101,TA,16,False
2026-01-20,Fabrication,Major,ENG101,Instructor,11,False
2026-01-20,Facilitation,Minor,MATH101,Peer,13,True
2026-01-20,Plagiarism,Major,PHYS101,TA,24,False
2026-01-20,Fabrication,Moderate,MATH101,Administrator,19,False
2026-01-20,Plagiarism,Major,ENG101,TA,14,False
2026-01-20,Cheating,Minor,PHYS101,Instructor,16,False
2026-01-20,Fabrication,Moderate,CS201,TA,15,False
2026-01-20,Cheating,Major,ENG101,Administrator,19,False
2026-01-20,Plagiarism,Major,PHYS101,Administrator,18,False
2026-01-20,Fabrication,Moderate,CS201,Administrator,16,False
2026-01-20,Cheating,Minor,CS101,Instructor,13,True
2026-01-21,Plagiarism,Moderate,ENG101,Instructor,20,True
2026-01-21,Plagiarism,Minor,MATH101,TA,11,False
2026-01-21,Cheating,Moderate,CS201,TA,13,False
2026-01-21,Plagiarism,Major,ENG101,Administrator,13,False
2026-01-21,Fabrication,Major,MATH101,Peer,15,False
2026-01-21,Unauthorized AI Use,Minor,CS201,Administrator,16,False
2026-01-21,Unauthorized AI Use,Minor,CS201,Instructor,14,True
2026-01-21,Fabrication,Moderate,ENG101,TA,15,False
2026-01-21,Cheating,Minor,ENG101,Administrator,16,False
2026-01-21,Plagiarism,Major,ENG101,TA,14,False
2026-01-21,Plagiarism,Minor,PHYS101,Instructor,21,False
2026-01-22,Plagiarism,Minor,ENG101,Instructor,14,False
2026-01-22,Plagiarism,Major,CS101,TA,17,False
2026-01-22,Unauthorized AI Use,Minor,MATH101,Peer,11,False
2026-01-22,Fabrication,Major,ENG101,Peer,12,False
2026-01-22,Cheating,Major,CS101,Peer,14,False
2026-01-22,Unauthorized AI Use,Moderate,PHYS101,Peer,12,False
2026-01-22,Cheating,Moderate,CS101,Peer,16,False
2026-01-23,Fabrication,Minor,ENG101,Instructor,22,False
2026-01-23,Plagiarism,Minor,MATH101,TA,12,False
2026-01-23,Plagiarism,Minor,PHYS101,Peer,15,False
2026-01-23,Facilitation,Moderate,CS201,Administrator,13,False
2026-01-24,Plagiarism,Moderate,CS201,Administrator,8,False
2026-01-24,Cheating,Major,MATH101,TA,7,False
2026-01-24,Fabrication,Moderate,MATH101,Peer,11,False
2026-01-24,Fabrication,Moderate,MATH101,TA,11,False
2026-01-25,Cheating,Minor,MATH101,TA,22,False
2026-01-25,Cheating,Minor,ENG101,Administrator,17,True
2026-01-25,Facilitation,Major,CS201,Instructor,14,False
2026-01-25,Cheating,Minor,CS201,TA,15,False
2026-01-25,Cheating,Major,CS201,TA,15,False
2026-01-25,Fabrication,Minor,ENG101,TA,13,False
2026-01-25,Plagiarism,Minor,PHYS101,Instructor,17,False
2026-01-25,Plagiarism,Major,PHYS101,TA,12,True
2026-01-26,Unauthorized AI Use,Moderate,MATH101,Administrator,13,False
2026-01-26,Facilitation,Major,PHYS101,Administrator,13,False
2026-01-26,Cheating,Minor,MATH101,Peer,20,False
2026-01-26,Facilitation,Minor,MATH101,Instructor,17,False
2026-01-26,Cheating,Minor,CS101,Peer,14,False
2026-01-26,Fabrication,Moderate,CS101,TA,22,False
2026-01-26,Fabrication,Major,CS101,Peer,20,False
2026-01-27,Facilitation,Moderate,PHYS101,Peer,11,True
2026-01-27,Cheating,Major,ENG101,Peer,19,False
2026-01-27,Plagiarism,Moderate,PHYS101,Instructor,10,False
2026-01-27,Plagiarism,Moderate,CS201,TA,11,False
2026-01-27,Fabrication,Moderate,CS101,Peer,20,False
2026-01-27,Plagiarism,Moderate,ENG101,Administrator,15,False
2026-01-27,Plagiarism,Major,MATH101,Administrator,20,False
2026-01-27,Facilitation,Moderate,CS101,TA,19,False
2026-01-28,Cheating,Moderate,CS201,Peer,20,False
2026-01-28,Cheating,Major,CS101,Instructor,13,False
2026-01-28,Fabrication,Moderate,ENG101,Peer,15,False
2026-01-28,Unauthorized AI Use,Minor,CS101,TA,12,False
2026-01-28,Fabrication,Minor,MATH101,Administrator,18,False
2026-01-28,Facilitation,Major,CS101,TA,16,False
2026-01-28,Plagiarism,Major,ENG101,Administrator,20,False
2026-01-29,Cheating,Minor,ENG101,Administrator,9,False
2026-01-29,Unauthorized AI Use,Major,PHYS101,Peer,21,False
2026-01-29,Plagiarism,Moderate,ENG101,Instructor,18,False
2026-01-29,Plagiarism,Moderate,ENG101,Instructor,17,True
2026-01-29,Plagiarism,Moderate,ENG101,Administrator,13,False
2026-01-29,Unauthorized AI Use,Minor,CS201,Administrator,16,False
2026-01-29,Cheating,Moderate,PHYS101,Instructor,14,True
2026-01-30,Facilitation,Moderate,ENG101,Administrator,14,False
2026-01-30,Unauthorized AI Use,Moderate,ENG101,TA,15,False
2026-01-30,Cheating,Minor,PHYS101,Instructor,7,False
2026-01-30,Fabrication,Minor,CS201,Peer,26,False
2026-01-30,Plagiarism,Moderate,ENG101,Administrator,15,False
2026-01-30,Facilitation,Moderate,MATH101,Instructor,15,False
2026-01-30,Unauthorized AI Use,Major,ENG101,TA,13,True
2026-01-30,Plagiarism,Moderate,ENG101,Instructor,17,False
2026-01-30,Fabrication,Minor,CS101,Peer,20,False
2026-01-30,Cheating,Major,MATH101,TA,19,True
2026-01-30,Cheating,Major,CS201,TA,16,False
2026-01-30,Fabrication,Major,ENG101,Peer,15,True
2026-01-30,Plagiarism,Moderate,CS201,Administrator,14,False
2026-01-31,Cheating,Moderate,CS201,Administrator,18,False
2026-01-31,Unauthorized AI Use,Moderate,PHYS101,TA,13,False
2026-01-31,Fabrication,Moderate,CS201,TA,8,False
2026-02-01,Facilitation,Moderate,ENG101,TA,15,False
2026-02-01,Fabrication,Moderate,PHYS101,Instructor,19,True
2026-02-01,Plagiarism,Moderate,MATH101,Instructor,17,False
2026-02-01,Cheating,Major,PHYS101,Instructor,13,False
2026-02-01,Cheating,Moderate,MATH101,Administrator,15,False
2026-02-02,Fabrication,Moderate,CS101,Peer,17,False
2026-02-02,Facilitation,Major,PHYS101,Peer,11,False
2026-02-02,Unauthorized AI Use,Minor,PHYS101,Administrator,11,False
2026-02-02,Cheating,Moderate,CS101,Instructor,19,False
2026-02-02,Facilitation,Major,CS101,Instructor,15,False
2026-02-02,Plagiarism,Minor,ENG101,Instructor,10,False
2026-02-02,Plagiarism,Moderate,CS201,Instructor,13,False
2026-02-02,Fabrication,Minor,ENG101,Instructor,15,False
2026-02-02,Facilitation,Minor,MATH101,TA,12,False
2026-02-02,Plagiarism,Moderate,ENG101,Administrator,19,False
2026-02-03,Plagiarism,Moderate,CS101,TA,18,False
2026-02-03,Facilitation,Major,CS101,TA,9,True
2026-02-03,Fabrication,Moderate,PHYS101,TA,14,False
2026-02-03,Cheating,Moderate,CS201,Instructor,12,False
2026-02-03,Plagiarism,Moderate,CS201,Administrator,19,False
2026-02-03,Unauthorized AI Use,Minor,PHYS101,Administrator,8,False
2026-02-03,Unauthorized AI Use,Major,CS101,Administrator,13,False
2026-02-03,Cheating,Moderate,CS101,TA,14,False
2026-02-04,Fabrication,Major,CS101,Instructor,17,False
2026-02-04,Cheating,Major,MATH101,TA,19,False
2026-02-04,Plagiarism,Moderate,ENG101,Administrator,14,False
2026-02-04,Cheating,Moderate,ENG101,Instructor,22,True
2026-02-04,Plagiarism,Major,CS101,TA,12,False
2026-02-04,Fabrication,Major,CS101,TA,9,False
2026-02-04,Cheating,Minor,CS201,Instructor,19,True
2026-02-05,Cheating,Moderate,PHYS101,Instructor,14,False
2026-02-05,Plagiarism,Moderate,CS201,Instructor,17,False
2026-02-05,Cheating,Major,MATH101,Administrator,16,False
2026-02-05,Cheating,Moderate,ENG101,Instructor,20,False
2026-02-06,Fabrication,Moderate,MATH101,Administrator,8,False
2026-02-06,Unauthorized AI Use,Minor,CS201,Administrator,11,False
2026-02-06,Facilitation,Major,CS201,TA,12,False
2026-02-06,Plagiarism,Major,CS101,Peer,13,False
2026-02-06,Unauthorized AI Use,Major,CS201,Instructor,21,True
2026-02-06,Unauthorized AI Use,Major,PHYS101,Administrator,9,True
2026-02-06,Plagiarism,Moderate,CS101,Instructor,21,False
2026-02-06,Cheating,Major,PHYS101,Instructor,18,False
2026-02-06,Facilitation,Moderate,PHYS101,Administrator,20,False
2026-02-06,Plagiarism,Moderate,MATH101,Administrator,16,True
2026-02-06,Cheating,Moderate,PHYS101,Administrator,18,False
2026-02-06,Unauthorized AI Use,Moderate,ENG101,TA,18,False
2026-02-07,Fabrication,Moderate,PHYS101,Administrator,14,False
2026-02-07,Fabrication,Moderate,MATH101,Peer,12,False
2026-02-07,Plagiarism,Major,CS101,TA,14,True
2026-02-07,Unauthorized AI Use,Major,CS201,Administrator,12,False
2026-02-08,Plagiarism,Moderate,PHYS101,Administrator,14,False
2026-02-09,Cheating,Major,CS101,TA,11,True
2026-02-09,Plagiarism,Major,PHYS101,TA,13,False
2026-02-09,Plagiarism,Major,CS201,Peer,15,False
2026-02-09,Cheating,Minor,ENG101,Instructor,10,False
2026-02-09,Facilitation,Major,PHYS101,Instructor,18,True
2026-02-09,Cheating,Major,PHYS101,Administrator,10,False
2026-02-09,Plagiarism,Major,MATH101,Instructor,10,False
2026-02-09,Cheating,Minor,CS101,Peer,15,True
2026-02-09,Unauthorized AI Use,Moderate,ENG101,Peer,15,False
2026-02-10,Unauthorized AI Use,Major,PHYS101,Administrator,18,False
2026-02-10,Unauthorized AI Use,Major,ENG101,Instructor,14,False
2026-02-10,Plagiarism,Moderate,CS101,Instructor,9,False
2026-02-10,Plagiarism,Minor,PHYS101,TA,13,False
2026-02-10,Unauthorized AI Use,Major,CS201,Peer,11,False
2026-02-10,Cheating,Moderate,PHYS101,Administrator,17,False
2026-02-10,Unauthorized AI Use,Moderate,ENG101,Peer,13,False
2026-02-10,Fabrication,Moderate,CS201,Administrator,22,False
2026-02-11,Unauthorized AI Use,Moderate,PHYS101,Peer,16,False
2026-02-11,Unauthorized AI Use,Moderate,PHYS101,Administrator,12,True
2026-02-11,Cheating,Major,CS101,Administrator,19,False
2026-02-11,Unauthorized AI Use,Moderate,PHYS101,Instructor,13,False
2026-02-11,Cheating,Moderate,PHYS101,Administrator,16,False
2026-02-11,Unauthorized AI Use,Moderate,CS101,Administrator,11,False
2026-02-12,Cheating,Moderate,MATH101,Administrator,20,False
2026-02-12,Plagiarism,Moderate,PHYS101,TA,21,False
2026-02-12,Fabrication,Moderate,MATH101,Instructor,17,False
2026-02-12,Facilitation,Major,MATH101,TA,16,False
2026-02-12,Fabrication,Moderate,CS101,TA,24,False
2026-02-13,Facilitation,Minor,ENG101,Peer,11,True
2026-02-13,Plagiarism,Major,MATH101,Instructor,8,False
2026-02-13,Plagiarism,Major,PHYS101,Instructor,13,True
2026-02-14,Unauthorized AI Use,Moderate,ENG101,Administrator,18,False
2026-02-14,Fabrication,Minor,ENG101,Administrator,13,True
2026-02-14,Plagiarism,Major,CS201,TA,15,False
2026-02-14,Plagiarism,Major,MATH101,Administrator,15,False
2026-02-14,Unauthorized AI Use,Minor,MATH101,TA,16,False
2026-02-14,Unauthorized AI Use,Major,ENG101,TA,14,False
2026-02-14,Cheating,Minor,PHYS101,Administrator,14,True
2026-02-15,Fabrication,Major,PHYS101,Peer,18,False
2026-02-15,Cheating,Minor,CS101,TA,21,False
2026-02-15,Plagiarism,Minor,PHYS101,Peer,17,False
2026-02-15,Cheating,Minor,CS201,Instructor,12,True
2026-02-16,Fabrication,Moderate,ENG101,Instructor,18,False
2026-02-16,Unauthorized AI Use,Major,CS101,TA,18,False
2026-02-16,Fabrication,Moderate,MATH101,Instructor,13,True
2026-02-16,Fabrication,Moderate,ENG101,Administrator,12,False
2026-02-16,Cheating,Major,CS101,Instructor,18,False
2026-02-16,Fabrication,Minor,PHYS101,Instructor,15,False
2026-02-16,Fabrication,Moderate,ENG101,Instructor,19,True
2026-02-17,Unauthorized AI Use,Major,CS201,Peer,10,False
2026-02-17,Plagiarism,Minor,MATH101,Peer,11,False
2026-02-17,Cheating,Major,CS201,Administrator,17,False
2026-02-17,Cheating,Minor,CS201,TA,12,True
2026-02-17,Facilitation,Major,CS101,Administrator,11,False
2026-02-17,Plagiarism,Major,CS101,Peer,14,False
2026-02-17,Cheating,Minor,ENG101,Instructor,19,True
2026-02-17,Cheating,Moderate,CS101,Peer,13,False
2026-02-18,Facilitation,Moderate,CS201,Peer,17,True
2026-02-18,Plagiarism,Minor,MATH101,Administrator,22,False
2026-02-18,Plagiarism,Major,CS201,Instructor,14,False
2026-02-18,Unauthorized AI Use,Major,CS101,Administrator,12,False
2026-02-18,Plagiarism,Minor,CS201,Administrator,21,False
2026-02-18,Facilitation,Major,PHYS101,TA,16,False
2026-02-18,Unauthorized AI Use,Major,CS201,Administrator,16,False
2026-02-18,Unauthorized AI Use,Major,MATH101,Administrator,16,False
2026-02-19,Fabrication,Major,CS201,Instructor,14,False
2026-02-19,Plagiarism,Minor,MATH101,Peer,9,False
2026-02-19,Plagiarism,Moderate,CS201,Instructor,15,False
2026-02-19,Cheating,Major,PHYS101,Peer,19,False
2026-02-19,Plagiarism,Moderate,PHYS101,Peer,15,False
2026-02-19,Plagiarism,Minor,CS201,Instructor,12,False
2026-02-19,Unauthorized AI Use,Moderate,MATH101,Peer,11,False
2026-02-20,Plagiarism,Minor,CS201,Administrator,15,False
2026-02-20,Unauthorized AI Use,Major,MATH101,Administrator,13,False
2026-02-20,Plagiarism,Moderate,PHYS101,Instructor,15,False
2026-02-20,Plagiarism,Moderate,ENG101,TA,13,False
2026-02-20,Unauthorized AI Use,Minor,CS101,Peer,16,False
2026-02-20,Plagiarism,Moderate,MATH101,Administrator,11,False
2026-02-20,Plagiarism,Moderate,CS201,TA,14,False
2026-02-20,Facilitation,Moderate,MATH101,Administrator,18,True
2026-02-20,Unauthorized AI Use,Moderate,CS101,TA,20,False
2026-02-21,Plagiarism,Minor,MATH101,TA,14,False
2026-02-21,Facilitation,Moderate,MATH101,Instructor,19,False
2026-02-21,Facilitation,Moderate,CS201,Peer,13,False
2026-02-21,Unauthorized AI Use,Major,MATH101,Administrator,12,False
2026-02-21,Plagiarism,Minor,CS201,TA,13,False
2026-02-21,Plagiarism,Minor,ENG101,TA,12,True
2026-02-21,Unauthorized AI Use,Major,MATH101,TA,15,True
2026-02-21,Plagiarism,Moderate,CS101,Peer,20,False
2026-02-21,Plagiarism,Moderate,CS101,Administrator,16,False
2026-02-21,Fabrication,Minor,CS101,TA,14,False
2026-02-21,Facilitation,Minor,CS101,TA,16,False
2026-02-21,Unauthorized AI Use,Moderate,MATH101,Administrator,11,True
2026-02-22,Fabrication,Major,PHYS101,Peer,11,False
2026-02-22,Facilitation,Major,CS101,Instructor,12,False
2026-02-22,Cheating,Minor,MATH101,TA,21,False
2026-02-22,Facilitation,Moderate,MATH101,Instructor,12,False
2026-02-22,Cheating,Major,CS201,Peer,11,False
2026-02-22,Fabrication,Minor,ENG101,TA,13,False
2026-02-23,Plagiarism,Moderate,CS101,TA,18,False
2026-02-23,Fabrication,Moderate,ENG101,Instructor,13,False
2026-02-23,Unauthorized AI Use,Minor,ENG101,TA,14,False
2026-02-23,Plagiarism,Moderate,PHYS101,TA,18,False
2026-02-23,Plagiarism,Minor,ENG101,Administrator,19,True
2026-02-23,Fabrication,Major,CS201,Peer,11,False
2026-02-24,Cheating,Minor,CS201,TA,14,False
2026-02-24,Facilitation,Minor,MATH101,Instructor,18,False
2026-02-24,Plagiarism,Minor,CS101,Peer,10,False
2026-02-24,Unauthorized AI Use,Minor,CS201,Instructor,16,False
2026-02-24,Fabrication,Major,CS101,Instructor,9,False
2026-02-25,Plagiarism,Moderate,MATH101,Instructor,15,False
2026-02-25,Unauthorized AI Use,Major,ENG101,Administrator,11,False
2026-02-25,Plagiarism,Major,PHYS101,TA,17,False
2026-02-25,Facilitation,Minor,ENG101,Peer,13,False
2026-02-25,Facilitation,Minor,CS101,Instructor,13,True
2026-02-25,Plagiarism,Moderate,MATH101,Administrator,19,False
2026-02-25,Unauthorized AI Use,Moderate,CS101,TA,15,False
2026-02-26,Facilitation,Minor,MATH101,Peer,13,False
2026-02-26,Fabrication,Minor,CS101,Instructor,13,False
2026-02-26,Cheating,Minor,CS101,Peer,16,False
2026-02-26,Plagiarism,Major,ENG101,Instructor,16,False
2026-02-26,Cheating,Major,ENG101,Instructor,9,False
2026-02-26,Cheating,Major,CS101,Instructor,20,False
2026-02-26,Fabrication,Minor,CS201,Administrator,15,False
2026-02-26,Fabrication,Minor,ENG101,Instructor,21,False
2026-02-27,Facilitation,Moderate,PHYS101,Peer,15,False
2026-02-27,Facilitation,Moderate,CS101,Administrator,17,False
2026-02-27,Fabrication,Moderate,ENG101,Instructor,12,False
2026-02-27,Plagiarism,Minor,PHYS101,TA,12,False
2026-02-28,Cheating,Major,CS101,Instructor,14,False
2026-02-28,Facilitation,Major,ENG101,Peer,17,False
2026-02-28,Unauthorized AI Use,Moderate,ENG101,Peer,11,True
2026-02-28,Facilitation,Moderate,PHYS101,Peer,17,False
2026-03-01,Cheating,Minor,ENG101,Instructor,15,False
2026-03-01,Cheating,Minor,MATH101,Administrator,10,False
2026-03-01,Fabrication,Major,MATH101,Peer,14,False
2026-03-01,Unauthorized AI Use,Moderate,MATH101,Instructor,16,False
2026-03-01,Cheating,Major,MATH101,Administrator,11,False
2026-03-01,Plagiarism,Minor,ENG101,Administrator,15,False
2026-03-01,Plagiarism,Major,MATH101,Peer,18,False
2026-03-02,Unauthorized AI Use,Major,MATH101,Administrator,10,False
2026-03-02,Unauthorized AI Use,Moderate,PHYS101,Peer,12,False
2026-03-02,Fabrication,Moderate,CS201,Peer,19,False
2026-03-02,Facilitation,Moderate,CS101,Administrator,9,False
2026-03-02,Unauthorized AI Use,Moderate,CS101,Peer,17,False
2026-03-02,Plagiarism,Moderate,CS101,Instructor,15,False
2026-03-02,Cheating,Moderate,MATH101,TA,16,False
2026-03-02,Facilitation,Major,ENG101,Administrator,17,False
2026-03-03,Unauthorized AI Use,Moderate,CS101,Peer,11,True
2026-03-03,Plagiarism,Moderate,PHYS101,Instructor,19,True
2026-03-03,Plagiarism,Minor,CS201,Administrator,14,False
2026-03-03,Fabrication,Moderate,CS201,TA,15,False
2026-03-03,Unauthorized AI Use,Moderate,ENG101,Peer,14,False
2026-03-03,Plagiarism,Moderate,ENG101,Instructor,23,False
2026-03-03,Cheating,Moderate,ENG101,Administrator,14,False
2026-03-03,Plagiarism,Major,PHYS101,TA,13,True
2026-03-03,Fabrication,Major,MATH101,Instructor,15,False
2026-03-03,Fabrication,Moderate,CS201,Administrator,18,False
2026-03-03,Cheating,Minor,ENG101,Peer,19,False
2026-03-03,Unauthorized AI Use,Major,ENG101,TA,16,False
2026-03-03,Plagiarism,Major,MATH101,Administrator,18,False
2026-03-03,Fabrication,Moderate,MATH101,TA,18,False
2026-03-03,Plagiarism,Major,CS101,Instructor,16,True
2026-03-03,Plagiarism,Moderate,PHYS101,Peer,17,False
2026-03-04,Unauthorized AI Use,Moderate,CS101,Peer,10,False
2026-03-04,Cheating,Major,CS101,Instructor,13,False
2026-03-04,Fabrication,Major,CS201,TA,16,False
2026-03-04,Unauthorized AI Use,Minor,MATH101,Peer,14,True
2026-03-04,Plagiarism,Major,CS101,Administrator,14,False
2026-03-04,Fabrication,Moderate,MATH101,Peer,14,False
2026-03-04,Plagiarism,Minor,CS201,Administrator,14,False
2026-03-04,Fabrication,Major,CS101,TA,19,False
2026-03-05,Plagiarism,Minor,CS201,Peer,12,True
2026-03-05,Unauthorized AI Use,Moderate,CS101,Peer,17,False
2026-03-05,Plagiarism,Moderate,CS201,Peer,10,False
2026-03-05,Facilitation,Major,PHYS101,Instructor,26,False
2026-03-05,Cheating,Major,MATH101,TA,15,False
2026-03-05,Plagiarism,Minor,MATH101,Peer,14,False
2026-03-05,Facilitation,Moderate,ENG101,Peer,18,False
2026-03-05,Plagiarism,Minor,MATH101,Instructor,10,False
2026-03-05,Fabrication,Moderate,ENG101,Peer,18,False
2026-03-06,Plagiarism,Moderate,ENG101,Administrator,17,False
2026-03-06,Cheating,Major,CS101,TA,15,False
2026-03-06,Fabrication,Moderate,CS101,Instructor,13,False
2026-03-06,Plagiarism,Minor,CS201,TA,13,False
2026-03-06,Plagiarism,Moderate,CS201,Administrator,17,True
2026-03-07,Facilitation,Major,CS201,Instructor,21,False
2026-03-07,Plagiarism,Moderate,CS101,Instructor,17,False
2026-03-07,Fabrication,Moderate,CS101,TA,17,False
2026-03-07,Plagiarism,Moderate,CS101,TA,16,False
2026-03-07,Facilitation,Major,CS101,Peer,14,False
2026-03-08,Fabrication,Major,MATH101,Peer,15,False
2026-03-08,Cheating,Moderate,MATH101,Administrator,10,False
2026-03-09,Plagiarism,Minor,CS101,Instructor,16,False
2026-03-09,Fabrication,Moderate,CS201,Peer,15,False
2026-03-09,Facilitation,Moderate,MATH101,Administrator,14,False
2026-03-09,Fabrication,Moderate,CS201,TA,9,False
2026-03-09,Unauthorized AI Use,Moderate,PHYS101,Peer,13,False
2026-03-09,Fabrication,Major,CS201,Administrator,16,False
2026-03-09,Plagiarism,Minor,PHYS101,Instructor,17,True
2026-03-09,Cheating,Minor,CS101,Administrator,15,False
2026-03-10,Cheating,Minor,CS101,TA,8,False
2026-03-10,Unauthorized AI Use,Moderate,PHYS101,Instructor,17,False
2026-03-10,Cheating,Moderate,MATH101,Peer,12,False
2026-03-10,Cheating,Major,ENG101,Peer,18,True
2026-03-10,Cheating,Minor,CS201,Administrator,18,False
2026-03-10,Unauthorized AI Use,Moderate,CS101,Administrator,23,False
2026-03-10,Unauthorized AI Use,Moderate,CS101,TA,13,False
2026-03-10,Unauthorized AI Use,Moderate,CS101,Peer,12,True
2026-03-10,Fabrication,Moderate,ENG101,Peer,15,False
2026-03-10,Fabrication,Minor,MATH101,Peer,22,False
2026-03-10,Cheating,Major,CS201,Instructor,13,False
2026-03-11,Unauthorized AI Use,Moderate,CS201,Administrator,14,True
2026-03-11,Plagiarism,Major,PHYS101,Administrator,16,False
2026-03-11,Fabrication,Minor,CS201,Administrator,17,False
2026-03-11,Unauthorized AI Use,Major,CS101,TA,15,False
2026-03-11,Cheating,Moderate,CS201,TA,15,False
2026-03-11,Fabrication,Major,PHYS101,Peer,18,False
2026-03-11,Fabrication,Minor,PHYS101,TA,12,False
2026-03-11,Plagiarism,Moderate,CS201,Instructor,19,False
2026-03-11,Plagiarism,Major,CS201,Peer,15,False
2026-03-12,Plagiarism,Minor,CS101,Instructor,18,False
2026-03-12,Cheating,Minor,CS201,Administrator,13,False
2026-03-12,Fabrication,Minor,MATH101,TA,25,False
2026-03-12,Cheating,Major,CS201,Instructor,13,False
2026-03-13,Unauthorized AI Use,Minor,CS201,Administrator,13,False
2026-03-13,Facilitation,Minor,PHYS101,TA,10,False
2026-03-13,Facilitation,Minor,CS101,TA,16,True
2026-03-13,Plagiarism,Moderate,MATH101,TA,23,False
2026-03-13,Unauthorized AI Use,Moderate,CS201,Instructor,12,False
2026-03-13,Plagiarism,Minor,PHYS101,Peer,16,False
2026-03-13,Unauthorized AI Use,Major,ENG101,Instructor,14,True
2026-03-13,Facilitation,Moderate,PHYS101,TA,11,False
2026-03-13,Plagiarism,Major,MATH101,Instructor,18,False
2026-03-13,Facilitation,Moderate,CS101,Instructor,13,False
2026-03-13,Fabrication,Moderate,PHYS101,Peer,15,False
2026-03-13,Plagiarism,Moderate,CS101,Administrator,16,True
2026-03-14,Unauthorized AI Use,Moderate,PHYS101,Administrator,15,True
2026-03-14,Unauthorized AI Use,Major,CS101,Peer,17,False
2026-03-14,Fabrication,Minor,ENG101,Instructor,11,False
2026-03-14,Unauthorized AI Use,Minor,CS101,Instructor,15,False
2026-03-14,Plagiarism,Moderate,CS201,Instructor,13,False
2026-03-14,Plagiarism,Moderate,CS201,Administrator,15,False
2026-03-15,Fabrication,Major,PHYS101,Instructor,12,False
2026-03-15,Cheating,Moderate,CS201,Peer,14,False
2026-03-16,Fabrication,Moderate,CS101,TA,16,True
2026-03-16,Fabrication,Major,PHYS101,Administrator,19,False
2026-03-16,Fabrication,Minor,CS101,Administrator,16,False
2026-03-16,Fabrication,Major,CS101,Instructor,14,False
2026-03-16,Cheating,Minor,CS101,Administrator,18,True
2026-03-16,Unauthorized AI Use,Moderate,PHYS101,Instructor,17,False
2026-03-16,Facilitation,Moderate,PHYS101,Peer,10,False
2026-03-16,Unauthorized AI Use,Major,ENG101,Administrator,16,False
2026-03-16,Plagiarism,Major,ENG101,TA,19,False
2026-03-16,Plagiarism,Moderate,ENG101,TA,15,False
2026-03-16,Plagiarism,Moderate,CS201,TA,13,False
2026-03-16,Plagiarism,Major,ENG101,Instructor,13,False
2026-03-16,Cheating,Minor,ENG101,Peer,16,False
2026-03-17,Plagiarism,Moderate,ENG101,Administrator,16,False
2026-03-17,Fabrication,Minor,PHYS101,Instructor,13,False
2026-03-17,Plagiarism,Major,CS101,Peer,17,False
2026-03-18,Plagiarism,Moderate,MATH101,Instructor,13,False
2026-03-18,Unauthorized AI Use,Major,CS101,Administrator,13,False
2026-03-18,Facilitation,Minor,ENG101,Instructor,19,False
2026-03-18,Plagiarism,Minor,MATH101,Peer,10,True
2026-03-18,Plagiarism,Major,PHYS101,Administrator,18,True
2026-03-19,Cheating,Major,PHYS101,Peer,18,False
2026-03-19,Plagiarism,Moderate,ENG101,TA,16,False
2026-03-19,Fabrication,Moderate,MATH101,Administrator,14,False
2026-03-20,Facilitation,Moderate,ENG101,Administrator,12,False
2026-03-20,Plagiarism,Minor,MATH101,TA,18,False
2026-03-20,Unauthorized AI Use,Major,MATH101,TA,15,False
2026-03-21,Unauthorized AI Use,Moderate,ENG101,Instructor,22,False
2026-03-21,Plagiarism,Major,CS201,TA,20,False
2026-03-21,Cheating,Major,ENG101,TA,12,True
2026-03-21,Plagiarism,Major,MATH101,Instructor,11,True
2026-03-21,Plagiarism,Major,PHYS101,Instructor,11,False
2026-03-21,Unauthorized AI Use,Major,CS101,Administrator,21,False
2026-03-21,Cheating,Major,CS201,Administrator,12,False
2026-03-22,Plagiarism,Moderate,MATH101,Instructor,24,False
2026-03-22,Unauthorized AI Use,Major,CS101,Peer,14,False
2026-03-22,Plagiarism,Minor,PHYS101,Peer,11,False
2026-03-22,Facilitation,Major,CS201,TA,20,False
2026-03-22,Plagiarism,Moderate,MATH101,Peer,15,False
2026-03-22,Cheating,Minor,ENG101,Administrator,14,False
2026-03-22,Unauthorized AI Use,Moderate,ENG101,Peer,18,False
2026-03-22,Cheating,Moderate,CS201,Peer,15,False
2026-03-23,Cheating,Moderate,ENG101,TA,21,False
2026-03-23,Unauthorized AI Use,Moderate,PHYS101,TA,13,True
2026-03-23,Unauthorized AI Use,Major,ENG101,TA,11,False
2026-03-23,Unauthorized AI Use,Moderate,PHYS101,Instructor,16,False
2026-03-24,Fabrication,Moderate,CS101,TA,16,False
2026-03-24,Facilitation,Minor,MATH101,TA,8,False
2026-03-24,Unauthorized AI Use,Major,MATH101,Peer,18,False
2026-03-24,Fabrication,Moderate,CS101,Peer,9,True
2026-03-24,Cheating,Moderate,ENG101,Instructor,13,False
2026-03-25,Cheating,Minor,ENG101,Peer,13,False
2026-03-25,Facilitation,Moderate,PHYS101,Instructor,16,True
2026-03-25,Unauthorized AI Use,Moderate,ENG101,Peer,15,False
2026-03-25,Cheating,Minor,CS101,Instructor,15,False
2026-03-25,Cheating,Minor,CS201,Instructor,15,False
2026-03-25,Unauthorized AI Use,Major,CS201,TA,11,False
2026-03-26,Cheating,Moderate,MATH101,Peer,16,False
2026-03-26,Unauthorized AI Use,Major,ENG101,Administrator,20,True
2026-03-26,Plagiarism,Moderate,CS201,Peer,15,False
2026-03-26,Cheating,Moderate,PHYS101,Peer,16,False
2026-03-26,Fabrication,Moderate,CS201,Instructor,15,False
2026-03-26,Cheating,Moderate,ENG101,TA,15,False
2026-03-26,Unauthorized AI Use,Moderate,ENG101,TA,8,False
2026-03-26,Cheating,Minor,MATH101,Instructor,16,False
2026-03-26,Unauthorized AI Use,Major,CS201,Peer,24,False
2026-03-26,Plagiarism,Moderate,CS101,Administrator,17,False
2026-03-26,Plagiarism,Moderate,CS101,Instructor,15,False
2026-03-26,Unauthorized AI Use,Major,ENG101,Administrator,16,True
2026-03-27,Facilitation,Moderate,PHYS101,Administrator,17,False
2026-03-27,Cheating,Minor,CS101,Instructor,15,False
2026-03-27,Plagiarism,Major,CS101,Instructor,18,False
2026-03-28,Plagiarism,Minor,PHYS101,Instructor,12,False
2026-03-28,Facilitation,Moderate,PHYS101,Peer,17,False
2026-03-28,Plagiarism,Major,MATH101,TA,13,False
2026-03-29,Fabrication,Major,CS101,Instructor,14,False
2026-03-30,Unauthorized AI Use,Moderate,MATH101,TA,13,False
2026-03-30,Cheating,Major,PHYS101,TA,5,False
2026-03-30,Fabrication,Minor,MATH101,Peer,11,False
2026-03-30,Cheating,Moderate,CS201,TA,11,True
2026-03-30,Plagiarism,Minor,PHYS101,Administrator,10,True
2026-03-30,Unauthorized AI Use,Minor,PHYS101,TA,15,False
2026-03-31,Unauthorized AI Use,Major,CS201,Peer,15,False
2026-03-31,Plagiarism,Major,MATH101,Administrator,20,False
2026-03-31,Plagiarism,Moderate,MATH101,TA,11,False
2026-03-31,Facilitation,Minor,CS201,Peer,11,False
2026-03-31,Cheating,Minor,MATH101,Peer,17,False
2026-03-31,Fabrication,Moderate,CS101,Administrator,15,False
2026-04-01,Facilitation,Major,PHYS101,Peer,13,False
2026-04-01,Cheating,Moderate,CS201,Instructor,18,True
2026-04-01,Plagiarism,Major,CS101,TA,19,False
2026-04-01,Unauthorized AI Use,Minor,CS201,Administrator,18,False
2026-04-01,Cheating,Major,CS201,Administrator,21,True
2026-04-01,Plagiarism,Moderate,CS101,Instructor,8,False
2026-04-01,Fabrication,Major,CS101,Administrator,15,False
2026-04-01,Plagiarism,Moderate,PHYS101,TA,14,False
2026-04-01,Plagiarism,Major,MATH101,Peer,15,False
2026-04-01,Plagiarism,Moderate,CS101,TA,14,True
2026-04-01,Fabrication,Moderate,MATH101,Peer,17,False
2026-04-02,Plagiarism,Major,PHYS101,Instructor,16,False
2026-04-02,Unauthorized AI Use,Major,PHYS101,Instructor,21,False
2026-04-02,Facilitation,Moderate,ENG101,Instructor,15,False
2026-04-02,Plagiarism,Major,PHYS101,TA,15,False
2026-04-02,Plagiarism,Minor,MATH101,Peer,21,False
2026-04-02,Plagiarism,Minor,ENG101,Administrator,19,False
2026-04-02,Fabrication,Moderate,CS201,Instructor,14,False
2026-04-02,Plagiarism,Minor,CS101,TA,13,False
2026-04-02,Fabrication,Minor,CS201,Instructor,15,False
2026-04-02,Plagiarism,Minor,CS201,TA,14,False
2026-04-03,Cheating,Minor,CS101,Peer,10,False
2026-04-03,Cheating,Major,MATH101,Instructor,11,False
2026-04-03,Cheating,Minor,MATH101,Peer,19,False
2026-04-03,Fabrication,Minor,PHYS101,Peer,20,True
2026-04-03,Plagiarism,Major,CS201,TA,13,True
2026-04-03,Unauthorized AI Use,Moderate,MATH101,Peer,20,False
2026-04-03,Facilitation,Minor,CS101,Administrator,11,True
2026-04-03,Unauthorized AI Use,Moderate,ENG101,TA,16,False
2026-04-04,Fabrication,Major,CS201,Administrator,12,False
2026-04-04,Unauthorized AI Use,Moderate,CS201,Peer,18,True
2026-04-04,Unauthorized AI Use,Moderate,MATH101,Administrator,17,False
2026-04-04,Fabrication,Minor,CS201,TA,23,False
2026-04-04,Unauthorized AI Use,Major,PHYS101,TA,15,True
2026-04-04,Plagiarism,Moderate,PHYS101,Instructor,12,False
2026-04-04,Cheating,Major,MATH101,TA,13,False
2026-04-04,Unauthorized AI Use,Moderate,CS101,Administrator,10,False
2026-04-04,Cheating,Minor,PHYS101,Administrator,26,False
2026-04-04,Unauthorized AI Use,Major,MATH101,Instructor,14,False
2026-04-04,Facilitation,Major,CS201,Administrator,16,False
2026-04-05,Plagiarism,Moderate,MATH101,TA,16,True
2026-04-05,Cheating,Minor,CS201,Administrator,21,False
2026-04-05,Fabrication,Major,CS101,TA,18,False
2026-04-05,Plagiarism,Moderate,ENG101,Instructor,20,False
2026-04-05,Unauthorized AI Use,Moderate,PHYS101,Administrator,25,False
2026-04-05,Plagiarism,Minor,CS201,Administrator,16,False
2026-04-05,Fabrication,Major,PHYS101,TA,15,False
2026-04-06,Unauthorized AI Use,Moderate,CS201,TA,19,False
2026-04-06,Fabrication,Minor,CS201,Instructor,15,False
2026-04-06,Unauthorized AI Use,Moderate,MATH101,Instructor,16,False
2026-04-06,Unauthorized AI Use,Moderate,CS201,Instructor,20,False
2026-04-06,Unauthorized AI Use,Major,PHYS101,Administrator,9,False
2026-04-06,Plagiarism,Major,MATH101,Instructor,22,False
2026-04-06,Facilitation,Moderate,PHYS101,TA,13,False
2026-04-06,Plagiarism,Minor,PHYS101,Instructor,13,False
2026-04-06,Unauthorized AI Use,Moderate,CS101,TA,16,True
2026-04-07,Cheating,Major,CS101,Administrator,22,False
2026-04-07,Fabrication,Major,MATH101,Peer,11,False
2026-04-07,Plagiarism,Moderate,PHYS101,Instructor,11,False
2026-04-07,Plagiarism,Moderate,ENG101,TA,11,False
2026-04-07,Unauthorized AI Use,Major,MATH101,Instructor,17,False
2026-04-07,Cheating,Major,PHYS101,TA,17,False
2026-04-07,Cheating,Moderate,CS201,Administrator,15,False
2026-04-07,Facilitation,Moderate,MATH101,Instructor,11,False
2026-04-07,Cheating,Moderate,CS101,Instructor,19,True
2026-04-07,Plagiarism,Major,ENG101,Peer,14,False
2026-04-07,Plagiarism,Major,ENG101,Administrator,17,True
2026-04-07,Fabrication,Major,ENG101,TA,23,False
2026-04-08,Plagiarism,Major,CS101,Peer,13,False
2026-04-08,Facilitation,Moderate,MATH101,Instructor,11,False
2026-04-08,Plagiarism,Major,CS201,Instructor,9,False
2026-04-08,Plagiarism,Major,CS201,Administrator,21,False
2026-04-08,Plagiarism,Major,PHYS101,Instructor,20,True
2026-04-08,Unauthorized AI Use,Minor,CS101,Administrator,15,True
2026-04-08,Unauthorized AI Use,Moderate,CS201,Administrator,14,False
2026-04-08,Plagiarism,Minor,MATH101,TA,21,False
2026-04-08,Plagiarism,Major,CS101,Instructor,13,False
2026-04-08,Unauthorized AI Use,Moderate,PHYS101,TA,9,True
2026-04-08,Fabrication,Moderate,ENG101,TA,15,False
2026-04-08,Plagiarism,Moderate,PHYS101,Instructor,15,False
2026-04-09,Plagiarism,Minor,ENG101,TA,19,False
2026-04-09,Cheating,Minor,CS101,TA,11,False
2026-04-09,Cheating,Moderate,MATH101,Instructor,17,False
2026-04-09,Facilitation,Moderate,MATH101,Administrator,10,False
2026-04-09,Plagiarism,Minor,CS201,Peer,15,False
2026-04-10,Facilitation,Moderate,CS201,TA,11,False
2026-04-10,Fabrication,Moderate,CS201,Administrator,17,False
2026-04-10,Unauthorized AI Use,Minor,CS101,Instructor,15,False
2026-04-10,Facilitation,Minor,PHYS101,Peer,20,False
2026-04-11,Plagiarism,Major,MATH101,Administrator,17,False
2026-04-11,Cheating,Minor,PHYS101,Peer,12,False
2026-04-11,Fabrication,Moderate,ENG101,Peer,14,False
2026-04-11,Unauthorized AI Use,Moderate,MATH101,TA,10,False
2026-04-11,Cheating,Major,CS201,Peer,13,False
2026-04-11,Cheating,Minor,ENG101,Instructor,13,False
2026-04-11,Cheating,Moderate,CS101,Administrator,14,False
2026-04-11,Unauthorized AI Use,Moderate,MATH101,Administrator,14,True
2026-04-11,Unauthorized AI Use,Minor,ENG101,TA,18,False
2026-04-11,Fabrication,Major,MATH101,Peer,13,False
2026-04-12,Fabrication,Moderate,CS101,Administrator,19,False
2026-04-12,Cheating,Moderate,CS101,TA,9,False
2026-04-12,Fabrication,Major,CS101,Administrator,16,False
2026-04-12,Plagiarism,Moderate,CS101,Peer,11,False
2026-04-12,Fabrication,Moderate,CS101,Administrator,12,False
2026-04-12,Fabrication,Minor,CS101,Peer,17,False
2026-04-13,Facilitation,Major,CS201,Instructor,7,False
2026-04-13,Plagiarism,Major,PHYS101,Instructor,12,False
2026-04-13,Facilitation,Moderate,PHYS101,Peer,14,False
2026-04-13,Facilitation,Minor,PHYS101,Administrator,15,True
2026-04-13,Unauthorized AI Use,Major,ENG101,TA,12,False
2026-04-13,Unauthorized AI Use,Major,PHYS101,Administrator,14,False
2026-04-13,Unauthorized AI Use,Minor,CS201,Peer,13,False
2026-04-13,Cheating,Moderate,CS201,Administrator,17,False
2026-04-13,Cheating,Moderate,CS101,Administrator,10,False
2026-04-13,Fabrication,Moderate,MATH101,Instructor,14,False
2026-04-13,Unauthorized AI Use,Major,PHYS101,Instructor,14,False
2026-04-13,Unauthorized AI Use,Moderate,ENG101,Instructor,11,False
2026-04-14,Plagiarism,Minor,ENG101,Instructor,14,False
2026-04-14,Plagiarism,Major,CS201,Peer,16,False
2026-04-14,Unauthorized AI Use,Minor,CS101,Peer,21,False
2026-04-14,Cheating,Moderate,ENG101,Peer,13,False
2026-04-14,Unauthorized AI Use,Moderate,CS201,TA,15,False
2026-04-14,Plagiarism,Major,PHYS101,TA,7,False
2026-04-14,Unauthorized AI Use,Major,ENG101,TA,13,False
2026-04-14,Cheating,Moderate,ENG101,TA,13,False
2026-04-14,Plagiarism,Moderate,CS101,Administrator,11,True
2026-04-14,Plagiarism,Minor,ENG101,Administrator,14,True
2026-04-14,Facilitation,Minor,MATH101,Instructor,20,False
2026-04-14,Cheating,Minor,CS101,Administrator,11,True
2026-04-15,Cheating,Moderate,PHYS101,Instructor,15,False
2026-04-15,Cheating,Moderate,CS101,Instructor,15,False
2026-04-15,Fabrication,Major,ENG101,Administrator,12,False
2026-04-15,Plagiarism,Minor,MATH101,TA,12,False
2026-04-16,Cheating,Minor,CS201,Instructor,12,False
2026-04-16,Plagiarism,Minor,MATH101,Instructor,8,False
2026-04-16,Fabrication,Moderate,PHYS101,Instructor,21,False
2026-04-16,Plagiarism,Minor,PHYS101,Instructor,17,False
2026-04-16,Cheating,Minor,ENG101,Administrator,14,True
2026-04-16,Plagiarism,Moderate,MATH101,Peer,21,False
2026-04-16,Fabrication,Moderate,CS101,TA,18,False
2026-04-16,Unauthorized AI Use,Moderate,PHYS101,TA,13,False
2026-04-16,Facilitation,Minor,PHYS101,TA,15,False
2026-04-17,Unauthorized AI Use,Moderate,CS201,TA,9,False
2026-04-17,Plagiarism,Major,CS201,TA,13,False
2026-04-17,Fabrication,Moderate,CS201,Administrator,20,False
2026-04-17,Fabrication,Minor,MATH101,Instructor,18,False
2026-04-17,Plagiarism,Moderate,MATH101,Peer,21,False
2026-04-17,Fabrication,Minor,CS101,Instructor,7,False
2026-04-17,Unauthorized AI Use,Moderate,PHYS101,Administrator,13,False
2026-04-17,Fabrication,Minor,MATH101,Peer,21,False
2026-04-17,Cheating,Moderate,ENG101,TA,20,False
2026-04-17,Unauthorized AI Use,Moderate,CS101,Administrator,19,False
2026-04-17,Cheating,Major,PHYS101,Administrator,15,False
2026-04-17,Plagiarism,Major,ENG101,Instructor,13,False
2026-04-18,Unauthorized AI Use,Minor,ENG101,TA,14,False
2026-04-18,Facilitation,Minor,ENG101,Instructor,11,False
2026-04-18,Plagiarism,Major,CS201,Peer,20,False
2026-04-18,Plagiarism,Moderate,ENG101,Instructor,14,True
2026-04-18,Unauthorized AI Use,Moderate,PHYS101,Peer,14,False
2026-04-18,Plagiarism,Major,ENG101,TA,15,False
2026-04-18,Cheating,Minor,MATH101,Administrator,20,False
2026-04-18,Plagiarism,Major,CS201,Administrator,20,True
2026-04-19,Cheating,Moderate,PHYS101,TA,11,False
2026-04-19,Plagiarism,Minor,CS101,Instructor,23,False
2026-04-19,Cheating,Minor,PHYS101,Peer,15,True
2026-04-19,Facilitation,Major,MATH101,Peer,12,False
2026-04-19,Cheating,Major,PHYS101,Instructor,13,False
2026-04-19,Fabrication,Moderate,ENG101,TA,29,False
2026-04-19,Facilitation,Moderate,PHYS101,Peer,17,False
2026-04-19,Plagiarism,Moderate,MATH101,Instructor,12,False
2026-04-19,Unauthorized AI Use,Minor,MATH101,Peer,18,False
2026-04-19,Facilitation,Major,MATH101,Administrator,13,False
2026-04-19,Plagiarism,Minor,PHYS101,Instructor,22,False
2026-04-20,Cheating,Moderate,CS101,Peer,15,False
2026-04-20,Cheating,Major,CS201,Peer,14,True
2026-04-20,Unauthorized AI Use,Minor,PHYS101,Administrator,12,False
2026-04-20,Facilitation,Minor,ENG101,Administrator,17,True
2026-04-20,Fabrication,Moderate,PHYS101,Peer,15,False
2026-04-20,Plagiarism,Minor,CS101,TA,18,False
2026-04-20,Cheating,Major,CS101,Administrator,17,False
2026-04-21,Unauthorized AI Use,Minor,MATH101,TA,19,False
2026-04-21,Facilitation,Moderate,PHYS101,Instructor,23,False
2026-04-21,Unauthorized AI Use,Minor,CS101,TA,19,False
2026-04-21,Cheating,Major,PHYS101,TA,12,False
2026-04-21,Cheating,Moderate,MATH101,Administrator,20,True
2026-04-22,Facilitation,Moderate,PHYS101,Administrator,17,False
2026-04-22,Cheating,Minor,MATH101,Instructor,9,False
2026-04-22,Fabrication,Major,MATH101,Peer,18,False
2026-04-22,Cheating,Moderate,MATH101,Instructor,10,False
2026-04-22,Fabrication,Major,CS201,Administrator,14,False
2026-04-22,Unauthorized AI Use,Moderate,ENG101,Instructor,13,False
2026-04-22,Fabrication,Moderate,ENG101,Instructor,19,False
2026-04-22,Plagiarism,Moderate,MATH101,Peer,17,False
2026-04-23,Cheating,Moderate,CS201,Instructor,16,False
2026-04-23,Plagiarism,Minor,ENG101,Administrator,16,False
2026-04-23,Fabrication,Moderate,CS201,Peer,19,True
2026-04-23,Fabrication,Moderate,CS101,Peer,21,False
2026-04-23,Unauthorized AI Use,Major,CS201,Administrator,14,False
2026-04-23,Fabrication,Major,CS101,Instructor,17,False
2026-04-24,Cheating,Moderate,PHYS101,Peer,15,False
2026-04-24,Fabrication,Minor,ENG101,TA,14,False
2026-04-24,Plagiarism,Major,ENG101,Peer,11,False
2026-04-24,Plagiarism,Minor,MATH101,Peer,16,False
2026-04-24,Plagiarism,Moderate,ENG101,Instructor,16,False
2026-04-24,Cheating,Moderate,ENG101,Instructor,11,False
2026-04-24,Plagiarism,Minor,ENG101,TA,16,False
2026-04-24,Plagiarism,Moderate,MATH101,Administrator,17,False
2026-04-24,Cheating,Major,CS201,Instructor,19,False
2026-04-24,Plagiarism,Minor,PHYS101,Peer,20,False
2026-04-24,Plagiarism,Major,MATH101,Administrator,11,False
2026-04-24,Facilitation,Minor,PHYS101,Instructor,22,False
2026-04-24,Cheating,Minor,CS201,Administrator,12,False
2026-04-24,Cheating,Minor,ENG101,Peer,18,False
2026-04-25,Unauthorized AI Use,Minor,MATH101,Administrator,15,False
2026-04-25,Facilitation,Major,CS201,TA,9,False
2026-04-25,Facilitation,Moderate,CS101,Peer,17,True
2026-04-25,Cheating,Moderate,PHYS101,Peer,14,False
2026-04-25,Plagiarism,Minor,MATH101,Administrator,17,False
2026-04-25,Unauthorized AI Use,Minor,CS101,Peer,12,False
2026-04-25,Unauthorized AI Use,Moderate,MATH101,TA,14,False
2026-04-26,Cheating,Minor,ENG101,TA,16,False
2026-04-26,Plagiarism,Moderate,CS101,TA,25,False
2026-04-26,Cheating,Minor,MATH101,Administrator,11,True
2026-04-27,Cheating,Moderate,MATH101,Peer,11,False
2026-04-27,Unauthorized AI Use,Minor,PHYS101,Instructor,11,False
2026-04-27,Cheating,Major,PHYS101,Instructor,15,False
2026-04-27,Plagiarism,Moderate,CS101,Administrator,12,False
2026-04-27,Cheating,Minor,ENG101,TA,13,False
2026-04-27,Plagiarism,Moderate,ENG101,Peer,14,True
2026-04-27,Unauthorized AI Use,Minor,CS201,TA,21,False
2026-04-28,Plagiarism,Minor,CS201,TA,23,False
2026-04-28,Unauthorized AI Use,Major,ENG101,Administrator,15,False
2026-04-28,Fabrication,Major,MATH101,Peer,19,False
2026-04-28,Plagiarism,Moderate,PHYS101,Peer,15,False
2026-04-28,Plagiarism,Minor,CS101,Administrator,18,True
2026-04-28,Unauthorized AI Use,Moderate,MATH101,TA,12,False
2026-04-28,Facilitation,Major,CS201,Administrator,15,True
2026-04-29,Cheating,Major,CS101,Peer,14,False
2026-04-29,Cheating,Minor,PHYS101,TA,16,False
2026-04-29,Plagiarism,Major,ENG101,Administrator,14,False
2026-04-29,Plagiarism,Major,CS201,Administrator,14,False
2026-04-30,Plagiarism,Major,ENG101,Peer,10,False
2026-04-30,Plagiarism,Major,PHYS101,Administrator,13,False
2026-04-30,Plagiarism,Moderate,PHYS101,Administrator,9,False
2026-04-30,Plagiarism,Major,PHYS101,Administrator,10,False
2026-04-30,Cheating,Minor,ENG101,Instructor,17,False
2026-04-30,Plagiarism,Minor,PHYS101,Peer,18,False
2026-04-30,Plagiarism,Moderate,PHYS101,TA,12,False
2026-04-30,Facilitation,Major,MATH101,Peer,15,False
2026-04-30,Cheating,Major,CS201,TA,17,False
2026-04-30,Plagiarism,Major,CS101,TA,12,True
2026-04-30,Unauthorized AI Use,Minor,CS201,Instructor,12,False
2026-05-01,Unauthorized AI Use,Moderate,ENG101,Peer,16,False
2026-05-01,Plagiarism,Major,CS201,TA,13,False
2026-05-01,Unauthorized AI Use,Minor,CS201,Peer,13,False
2026-05-01,Cheating,Moderate,MATH101,Administrator,13,False
2026-05-01,Unauthorized AI Use,Moderate,ENG101,Instructor,23,False
2026-05-01,Cheating,Moderate,MATH101,Peer,12,True
2026-05-01,Unauthorized AI Use,Major,MATH101,Administrator,7,False
2026-05-01,Plagiarism,Moderate,CS101,Instructor,12,False
2026-05-01,Facilitation,Moderate,MATH101,Peer,9,False
2026-05-01,Plagiarism,Moderate,ENG101,TA,10,True
2026-05-02,Plagiarism,Major,CS101,Instructor,11,False
2026-05-02,Facilitation,Minor,CS201,TA,13,True
2026-05-02,Cheating,Moderate,ENG101,Administrator,15,False
2026-05-03,Unauthorized AI Use,Moderate,ENG101,Administrator,14,False
2026-05-03,Fabrication,Minor,ENG101,Peer,11,True
2026-05-03,Fabrication,Minor,PHYS101,Instructor,15,True
2026-05-03,Cheating,Minor,CS201,Administrator,12,False
2026-05-04,Unauthorized AI Use,Minor,PHYS101,TA,12,False
2026-05-04,Cheating,Minor,CS101,Administrator,16,False
2026-05-04,Fabrication,Major,CS201,Administrator,17,False
2026-05-04,Fabrication,Major,MATH101,Peer,14,False
2026-05-04,Plagiarism,Moderate,CS101,Instructor,8,False
2026-05-04,Plagiarism,Minor,CS201,Administrator,14,False
2026-05-04,Unauthorized AI Use,Moderate,CS201,Instructor,14,False
2026-05-04,Cheating,Major,PHYS101,Administrator,11,False
2026-05-04,Fabrication,Moderate,CS101,Instructor,18,False
2026-05-05,Plagiarism,Minor,ENG101,Instructor,7,True
2026-05-05,Facilitation,Moderate,CS101,TA,12,False
2026-05-05,Fabrication,Moderate,PHYS101,Administrator,15,False
2026-05-05,Plagiarism,Major,CS101,Instructor,15,True
2026-05-05,Facilitation,Minor,MATH101,Administrator,16,False
2026-05-05,Fabrication,Moderate,MATH101,Instructor,11,False
2026-05-06,Plagiarism,Moderate,CS101,Peer,11,False
2026-05-06,Plagiarism,Moderate,CS201,Instructor,12,False
2026-05-06,Plagiarism,Moderate,ENG101,TA,21,False
2026-05-06,Facilitation,Major,ENG101,Peer,18,True
2026-05-06,Unauthorized AI Use,Major,PHYS101,Administrator,10,False
2026-05-06,Plagiarism,Moderate,CS101,TA,9,False
2026-05-06,Unauthorized AI Use,Major,MATH101,Instructor,20,True
2026-05-06,Cheating,Major,CS101,Peer,14,False
2026-05-06,Cheating,Minor,PHYS101,TA,11,False
2026-05-07,Unauthorized AI Use,Minor,CS101,TA,23,False
2026-05-07,Plagiarism,Major,CS101,TA,24,False
2026-05-07,Fabrication,Major,CS101,Administrator,11,False
2026-05-07,Cheating,Minor,MATH101,Peer,8,False
2026-05-07,Cheating,Moderate,CS201,Administrator,19,False
2026-05-07,Cheating,Moderate,CS101,Instructor,18,False
2026-05-07,Cheating,Moderate,ENG101,Peer,10,False
2026-05-08,Unauthorized AI Use,Moderate,MATH101,Instructor,16,False
2026-05-08,Plagiarism,Minor,CS101,Peer,20,False
2026-05-08,Plagiarism,Moderate,PHYS101,Administrator,15,False
2026-05-08,Plagiarism,Major,MATH101,Instructor,20,True
2026-05-08,Plagiarism,Major,ENG101,Instructor,14,True
2026-05-09,Plagiarism,Moderate,CS101,Administrator,13,False
2026-05-09,Plagiarism,Moderate,PHYS101,TA,13,True
2026-05-09,Cheating,Minor,PHYS101,TA,10,False
2026-05-09,Cheating,Major,MATH101,Peer,12,True
2026-05-09,Cheating,Minor,CS101,Instructor,17,True
2026-05-09,Plagiarism,Moderate,PHYS101,Instructor,13,False
2026-05-09,Cheating,Major,CS201,TA,20,False
2026-05-09,Unauthorized AI Use,Moderate,PHYS101,Peer,22,False
2026-05-09,Fabrication,Minor,MATH101,Instructor,10,False
2026-05-09,Fabrication,Moderate,MATH101,Instructor,8,False
2026-05-10,Fabrication,Moderate,CS101,TA,13,False
2026-05-10,Plagiarism,Minor,MATH101,Peer,12,False
2026-05-10,Cheating,Moderate,ENG101,Peer,13,True
2026-05-10,Facilitation,Minor,CS101,Administrator,18,False
2026-05-10,Plagiarism,Major,MATH101,TA,15,True
2026-05-12,Plagiarism,Moderate,PHYS101,TA,22,False
2026-05-12,Unauthorized AI Use,Minor,CS201,Administrator,19,False
2026-05-12,Plagiarism,Minor,CS101,TA,17,True
2026-05-12,Unauthorized AI Use,Moderate,CS201,TA,15,False
2026-05-12,Plagiarism,Major,MATH101,TA,19,False
2026-05-12,Unauthorized AI Use,Minor,CS201,Administrator,13,False
2026-05-12,Plagiarism,Major,PHYS101,Instructor,17,False
2026-05-13,Cheating,Moderate,PHYS101,Administrator,11,False
2026-05-13,Plagiarism,Moderate,PHYS101,Administrator,15,False
2026-05-13,Unauthorized AI Use,Major,PHYS101,Administrator,15,False
2026-05-13,Facilitation,Moderate,CS201,Instructor,17,False
2026-05-13,Unauthorized AI Use,Major,MATH101,TA,15,False
2026-05-13,Fabrication,Moderate,PHYS101,Instructor,15,False
2026-05-14,Plagiarism,Minor,MATH101,Administrator,21,False
2026-05-14,Unauthorized AI Use,Minor,PHYS101,TA,16,False
2026-05-14,Unauthorized AI Use,Major,MATH101,Administrator,10,False
2026-05-14,Unauthorized AI Use,Moderate,MATH101,TA,15,False
2026-05-14,Unauthorized AI Use,Moderate,MATH101,Administrator,22,False
2026-05-14,Cheating,Major,MATH101,Instructor,11,False
2026-05-14,Cheating,Moderate,MATH101,Administrator,14,False
2026-05-15,Cheating,Moderate,MATH101,Peer,8,False
2026-05-15,Cheating,Major,PHYS101,TA,15,False
2026-05-15,Unauthorized AI Use,Moderate,ENG101,Instructor,8,False
2026-05-15,Unauthorized AI Use,Moderate,CS101,Peer,18,True
2026-05-15,Plagiarism,Moderate,MATH101,Administrator,17,False
2026-05-15,Unauthorized AI Use,Moderate,CS101,Instructor,17,False
2026-05-16,Plagiarism,Minor,MATH101,Instructor,13,False
2026-05-16,Facilitation,Minor,ENG101,Administrator,11,False
2026-05-16,Plagiarism,Minor,CS201,Instructor,16,True
2026-05-16,Plagiarism,Minor,CS101,Peer,13,True
2026-05-16,Plagiarism,Major,MATH101,TA,14,True
2026-05-16,Cheating,Minor,ENG101,Peer,20,False
2026-05-16,Cheating,Moderate,PHYS101,Instructor,14,False
2026-05-17,Cheating,Moderate,CS201,TA,10,False
2026-05-17,Unauthorized AI Use,Minor,ENG101,Administrator,13,False
2026-05-17,Unauthorized AI Use,Moderate,CS201,Administrator,9,False
2026-05-17,Plagiarism,Minor,CS201,TA,14,False
2026-05-17,Fabrication,Moderate,MATH101,TA,15,False
2026-05-18,Cheating,Major,MATH101,Administrator,10,False
2026-05-18,Plagiarism,Major,CS201,TA,19,True
2026-05-18,Cheating,Minor,PHYS101,TA,11,False
2026-05-18,Plagiarism,Major,CS101,Instructor,11,True
2026-05-18,Unauthorized AI Use,Minor,ENG101,Instructor,20,False
2026-05-18,Plagiarism,Minor,PHYS101,Administrator,15,False
2026-05-19,Plagiarism,Minor,ENG101,Peer,20,False
2026-05-19,Cheating,Moderate,MATH101,TA,12,False
2026-05-19,Cheating,Major,CS101,TA,15,False
2026-05-19,Unauthorized AI Use,Moderate,CS101,Peer,17,False
2026-05-19,Fabrication,Major,CS101,Instructor,14,False
2026-05-19,Plagiarism,Moderate,PHYS101,TA,20,False
2026-05-19,Plagiarism,Moderate,MATH101,TA,17,False
2026-05-19,Cheating,Minor,PHYS101,TA,19,False
2026-05-20,Cheating,Major,ENG101,Administrator,11,True
2026-05-20,Plagiarism,Moderate,CS201,Peer,22,False
2026-05-20,Cheating,Moderate,MATH101,TA,15,False
2026-05-20,Unauthorized AI Use,Major,ENG101,Peer,14,False
2026-05-20,Plagiarism,Moderate,ENG101,TA,23,False
2026-05-20,Cheating,Moderate,MATH101,TA,17,False
2026-05-20,Facilitation,Major,ENG101,Peer,14,False
2026-05-20,Cheating,Major,MATH101,Instructor,18,False
2026-05-20,Plagiarism,Major,PHYS101,Instructor,19,True
2026-05-20,Cheating,Moderate,MATH101,Instructor,15,False
2026-05-20,Fabrication,Moderate,PHYS101,TA,14,True
2026-05-20,Plagiarism,Minor,PHYS101,Administrator,17,False
2026-05-20,Unauthorized AI Use,Major,PHYS101,TA,14,False
2026-05-21,Fabrication,Moderate,CS201,TA,13,False
2026-05-21,Plagiarism,Minor,CS201,Instructor,17,False
2026-05-21,Cheating,Moderate,ENG101,Instructor,19,False
2026-05-21,Cheating,Moderate,CS201,TA,13,False
2026-05-21,Plagiarism,Major,MATH101,Peer,18,False
2026-05-22,Fabrication,Minor,MATH101,Instructor,15,False
2026-05-22,Unauthorized AI Use,Moderate,PHYS101,Instructor,18,False
2026-05-22,Cheating,Moderate,MATH101,Peer,14,False
2026-05-22,Cheating,Moderate,CS101,Peer,17,False
2026-05-22,Plagiarism,Moderate,CS201,Administrator,12,False
2026-05-22,Cheating,Major,CS201,Peer,13,False
2026-05-22,Plagiarism,Major,PHYS101,Administrator,7,False
2026-05-23,Facilitation,Moderate,CS101,Administrator,14,False
2026-05-23,Unauthorized AI Use,Minor,ENG101,Administrator,21,False
2026-05-23,Plagiarism,Minor,PHYS101,TA,17,False
2026-05-23,Fabrication,Minor,ENG101,Administrator,13,False
2026-05-23,Unauthorized AI Use,Minor,CS101,Peer,18,False
2026-05-24,Unauthorized AI Use,Major,ENG101,TA,24,False
2026-05-24,Fabrication,Minor,PHYS101,Instructor,16,False
2026-05-24,Unauthorized AI Use,Major,PHYS101,Administrator,8,False
2026-05-24,Fabrication,Moderate,PHYS101,Peer,21,False
2026-05-24,Cheating,Major,MATH101,Administrator,16,False
2026-05-24,Plagiarism,Moderate,CS101,Administrator,9,False
2026-05-24,Plagiarism,Moderate,CS101,Administrator,12,False
2026-05-24,Facilitation,Major,CS101,Administrator,16,False
2026-05-25,Fabrication,Minor,PHYS101,Peer,14,False
2026-05-25,Plagiarism,Moderate,CS201,Peer,11,False
2026-05-25,Plagiarism,Moderate,CS201,Peer,14,False
2026-05-25,Plagiarism,Moderate,CS201,TA,16,True
2026-05-25,Plagiarism,Minor,CS101,Peer,17,False
2026-05-25,Fabrication,Minor,CS201,Instructor,12,False
2026-05-26,Unauthorized AI Use,Moderate,PHYS101,Peer,22,False
2026-05-26,Cheating,Major,MATH101,Peer,16,False
2026-05-26,Cheating,Minor,CS201,Peer,18,False
2026-05-26,Plagiarism,Moderate,CS101,Peer,12,False
2026-05-26,Unauthorized AI Use,Major,PHYS101,Instructor,16,False
2026-05-26,Cheating,Moderate,CS201,Peer,17,True
2026-05-26,Plagiarism,Major,MATH101,Instructor,16,False
2026-05-26,Fabrication,Minor,MATH101,Peer,15,True
2026-05-26,Facilitation,Major,PHYS101,Instructor,12,False
2026-05-26,Plagiarism,Major,CS201,TA,13,False
2026-05-26,Plagiarism,Major,CS201,Peer,16,False
2026-05-26,Plagiarism,Major,PHYS101,TA,16,False
2026-05-26,Plagiarism,Major,MATH101,Administrator,18,False
2026-05-27,Cheating,Major,MATH101,Instructor,11,True
2026-05-27,Unauthorized AI Use,Major,CS201,Administrator,15,False
2026-05-27,Unauthorized AI Use,Moderate,ENG101,Instructor,14,False
2026-05-27,Plagiarism,Moderate,CS201,TA,25,False
2026-05-27,Cheating,Minor,CS201,Instructor,23,False
2026-05-27,Plagiarism,Moderate,ENG101,Peer,10,False
2026-05-27,Cheating,Moderate,ENG101,Peer,11,False
2026-05-27,Facilitation,Moderate,CS101,Instructor,11,False
2026-05-27,Unauthorized AI Use,Minor,CS201,Instructor,16,False
2026-05-27,Unauthorized AI Use,Minor,CS101,Peer,19,False
2026-05-27,Unauthorized AI Use,Minor,CS101,TA,13,True
2026-05-28,Plagiarism,Minor,ENG101,Instructor,17,False
2026-05-28,Cheating,Moderate,MATH101,Instructor,17,False
2026-05-28,Cheating,Minor,PHYS101,Instructor,17,True
2026-05-28,Fabrication,Moderate,CS201,Administrator,24,False
2026-05-28,Plagiarism,Moderate,ENG101,Instructor,18,False
2026-05-28,Plagiarism,Minor,ENG101,Administrator,21,False
2026-05-29,Plagiarism,Major,ENG101,TA,16,False
2026-05-29,Fabrication,Major,ENG101,TA,17,False
2026-05-29,Plagiarism,Moderate,CS201,Instructor,17,False
2026-05-29,Cheating,Moderate,ENG101,Peer,11,False
2026-05-29,Fabrication,Minor,PHYS101,Peer,13,False
2026-05-29,Unauthorized AI Use,Moderate,PHYS101,TA,12,False
2026-05-29,Unauthorized AI Use,Moderate,CS201,Peer,21,False
2026-05-29,Plagiarism,Moderate,CS201,Instructor,14,False
2026-05-29,Plagiarism,Major,PHYS101,Peer,18,False
2026-05-29,Plagiarism,Major,PHYS101,Instructor,11,False
2026-05-29,Unauthorized AI Use,Moderate,CS201,Administrator,12,False
2026-05-29,Cheating,Moderate,CS201,Instructor,15,True
2026-05-30,Unauthorized AI Use,Major,CS101,Instructor,16,False
2026-05-30,Cheating,Major,CS201,Instructor,11,False
2026-05-30,Cheating,Minor,MATH101,TA,20,False
2026-05-30,Facilitation,Moderate,ENG101,Administrator,18,False
2026-05-30,Unauthorized AI Use,Major,MATH101,Peer,13,True
2026-05-30,Plagiarism,Moderate,CS201,Peer,17,False
2026-05-30,Unauthorized AI Use,Moderate,CS101,Instructor,15,False
2026-05-30,Plagiarism,Moderate,CS201,Administrator,14,False
2026-05-30,Unauthorized AI Use,Major,CS201,Administrator,15,False
2026-05-31,Plagiarism,Minor,ENG101,Administrator,12,False
2026-05-31,Unauthorized AI Use,Major,ENG101,Peer,15,False
2026-05-31,Plagiarism,Major,MATH101,Peer,14,False
2026-05-31,Unauthorized AI Use,Moderate,CS101,Instructor,21,False
2026-05-31,Fabrication,Minor,ENG101,Peer,16,False
2026-05-31,Cheating,Major,CS201,Administrator,21,False
2026-06-01,Plagiarism,Minor,ENG101,TA,10,False
2026-06-01,Fabrication,Minor,CS201,Peer,16,False
2026-06-01,Cheating,Minor,CS101,Administrator,21,False
2026-06-01,Plagiarism,Minor,PHYS101,Peer,18,True
2026-06-01,Fabrication,Minor,CS101,Administrator,23,True
2026-06-01,Unauthorized AI Use,Moderate,PHYS101,Instructor,21,False
2026-06-02,Plagiarism,Minor,CS201,Administrator,13,False
2026-06-02,Unauthorized AI Use,Moderate,MATH101,Administrator,19,False
2026-06-02,Plagiarism,Minor,CS201,Peer,18,False
2026-06-03,Facilitation,Major,CS201,TA,24,False
2026-06-03,Unauthorized AI Use,Major,ENG101,Instructor,15,False
2026-06-03,Unauthorized AI Use,Minor,CS101,TA,16,False
2026-06-03,Plagiarism,Major,PHYS101,TA,19,False
2026-06-03,Unauthorized AI Use,Minor,ENG101,Administrator,19,False
2026-06-04,Cheating,Minor,MATH101,Instructor,11,False
2026-06-04,Plagiarism,Major,PHYS101,Peer,10,False
2026-06-04,Plagiarism,Moderate,ENG101,Instructor,15,False
2026-06-04,Plagiarism,Minor,PHYS101,Administrator,11,False
2026-06-04,Fabrication,Minor,ENG101,TA,18,True
2026-06-04,Cheating,Moderate,PHYS101,Administrator,15,True
2026-06-04,Cheating,Moderate,ENG101,Instructor,16,False
2026-06-04,Facilitation,Major,CS201,Instructor,20,False
2026-06-05,Facilitation,Minor,CS101,Peer,12,True
2026-06-05,Cheating,Major,CS101,Administrator,14,False
2026-06-05,Unauthorized AI Use,Moderate,PHYS101,Instructor,11,True
2026-06-05,Facilitation,Major,ENG101,Instructor,8,False
2026-06-05,Plagiarism,Major,ENG101,Administrator,14,False
2026-06-05,Cheating,Major,PHYS101,Peer,9,False
2026-06-06,Unauthorized AI Use,Major,CS101,TA,8,False
2026-06-06,Fabrication,Moderate,CS201,Administrator,22,True
2026-06-07,Plagiarism,Minor,CS201,Administrator,14,False
2026-06-07,Cheating,Moderate,CS101,Instructor,13,True
2026-06-07,Cheating,Moderate,CS101,Administrator,20,False
2026-06-07,Cheating,Major,CS101,Instructor,16,False
2026-06-07,Plagiarism,Major,CS201,Instructor,14,False
2026-06-07,Plagiarism,Minor,CS101,TA,13,True
2026-06-07,Cheating,Minor,ENG101,Instructor,20,False
2026-06-07,Cheating,Minor,PHYS101,Administrator,20,True
2026-06-07,Unauthorized AI Use,Moderate,PHYS101,Administrator,17,False
2026-06-07,Plagiarism,Moderate,CS101,Peer,21,False
2026-06-08,Fabrication,Moderate,CS101,Administrator,16,False
2026-06-08,Cheating,Moderate,MATH101,TA,19,False
2026-06-08,Cheating,Moderate,MATH101,Peer,15,False
2026-06-08,Unauthorized AI Use,Major,CS201,Administrator,23,False
2026-06-08,Cheating,Moderate,PHYS101,Administrator,12,False
2026-06-08,Cheating,Moderate,PHYS101,Instructor,14,False
2026-06-08,Cheating,Minor,PHYS101,Administrator,20,False
2026-06-08,Plagiarism,Major,MATH101,TA,20,True
2026-06-09,Plagiarism,Minor,PHYS101,Peer,13,False
2026-06-09,Plagiarism,Major,CS201,Administrator,12,False
2026-06-09,Cheating,Major,ENG101,Instructor,9,False
2026-06-09,Plagiarism,Moderate,MATH101,TA,11,False
2026-06-09,Cheating,Moderate,MATH101,Administrator,19,False
2026-06-09,Plagiarism,Major,MATH101,TA,12,False
2026-06-09,Cheating,Major,CS201,TA,19,False
2026-06-09,Plagiarism,Major,ENG101,Instructor,15,False
2026-06-09,Plagiarism,Moderate,ENG101,Peer,10,False
2026-06-09,Unauthorized AI Use,Minor,ENG101,Peer,17,False
2026-06-09,Facilitation,Minor,CS201,Administrator,20,False
2026-06-09,Cheating,Major,MATH101,TA,17,False
2026-06-10,Cheating,Minor,ENG101,TA,13,False
2026-06-10,Plagiarism,Minor,ENG101,Administrator,20,False
2026-06-10,Cheating,Minor,CS201,Administrator,17,False
2026-06-10,Cheating,Moderate,ENG101,TA,13,False
2026-06-10,Plagiarism,Major,PHYS101,Administrator,15,False
2026-06-10,Fabrication,Moderate,CS201,Instructor,21,False
2026-06-10,Facilitation,Major,CS101,Instructor,22,False
2026-06-10,Cheating,Major,CS101,Peer,15,False
2026-06-11,Plagiarism,Moderate,MATH101,TA,17,False
2026-06-11,Facilitation,Moderate,MATH101,Peer,11,True
2026-06-11,Unauthorized AI Use,Moderate,CS101,Instructor,13,False
2026-06-11,Plagiarism,Minor,CS201,TA,15,False
2026-06-11,Fabrication,Major,PHYS101,Administrator,19,False
2026-06-11,Cheating,Minor,ENG101,Peer,16,False
2026-06-11,Fabrication,Major,MATH101,TA,13,True
2026-06-11,Plagiarism,Moderate,CS101,Instructor,14,False
2026-06-11,Cheating,Major,CS201,Instructor,19,False
2026-06-12,Fabrication,Major,PHYS101,TA,13,False
2026-06-12,Plagiarism,Minor,CS201,Administrator,19,True
2026-06-12,Plagiarism,Moderate,CS201,Instructor,16,False
2026-06-12,Unauthorized AI Use,Minor,MATH101,Administrator,17,False
2026-06-12,Fabrication,Major,PHYS101,Instructor,17,False
2026-06-12,Plagiarism,Major,PHYS101,Administrator,17,False
2026-06-12,Plagiarism,Minor,CS201,Peer,19,False
2026-06-12,Plagiarism,Major,CS201,TA,19,False
2026-06-12,Cheating,Moderate,PHYS101,Peer,18,False
2026-06-13,Cheating,Moderate,CS201,Instructor,15,True
2026-06-13,Plagiarism,Minor,CS201,Administrator,15,False
2026-06-13,Cheating,Minor,PHYS101,Administrator,21,False
2026-06-13,Plagiarism,Moderate,PHYS101,Administrator,20,False
2026-06-13,Fabrication,Moderate,CS201,Instructor,15,False
2026-06-13,Plagiarism,Major,MATH101,TA,21,False
2026-06-13,Cheating,Major,CS101,Administrator,15,False
2026-06-13,Cheating,Moderate,MATH101,Peer,18,False
2026-06-14,Cheating,Minor,CS201,Administrator,13,True
2026-06-14,Unauthorized AI Use,Major,CS101,Peer,16,False
2026-06-14,Plagiarism,Minor,ENG101,Administrator,12,False
2026-06-14,Plagiarism,Moderate,PHYS101,TA,16,False
2026-06-15,Fabrication,Moderate,CS201,Administrator,17,False
2026-06-15,Cheating,Moderate,CS101,Instructor,8,False
2026-06-15,Unauthorized AI Use,Minor,MATH101,Administrator,17,True
2026-06-15,Cheating,Minor,ENG101,Administrator,20,False
2026-06-16,Cheating,Moderate,CS201,Administrator,17,False
2026-06-16,Facilitation,Major,PHYS101,TA,15,False
2026-06-16,Plagiarism,Major,CS201,TA,20,False
2026-06-16,Unauthorized AI Use,Moderate,CS101,Instructor,18,False
2026-06-16,Unauthorized AI Use,Minor,CS201,Administrator,19,False
2026-06-16,Unauthorized AI Use,Moderate,CS101,Instructor,16,False
2026-06-16,Plagiarism,Minor,MATH101,Instructor,10,True
2026-06-16,Facilitation,Moderate,ENG101,TA,14,False
2026-06-16,Fabrication,Moderate,ENG101,Administrator,11,False
2026-06-16,Facilitation,Major,CS201,TA,16,False
2026-06-17,Facilitation,Moderate,ENG101,Administrator,14,False
2026-06-17,Fabrication,Minor,ENG101,Administrator,18,False
2026-06-17,Cheating,Major,ENG101,Peer,15,False
2026-06-17,Unauthorized AI Use,Minor,CS101,TA,17,False
2026-06-17,Facilitation,Major,PHYS101,Instructor,18,True
2026-06-17,Cheating,Moderate,MATH101,Administrator,15,False
2026-06-17,Cheating,Minor,ENG101,TA,13,True
2026-06-17,Plagiarism,Major,CS201,Peer,13,False
2026-06-17,Plagiarism,Minor,MATH101,Instructor,21,False
2026-06-17,Cheating,Moderate,CS101,TA,14,True
2026-06-18,Unauthorized AI Use,Minor,ENG101,Administrator,15,False
2026-06-18,Plagiarism,Minor,MATH101,Peer,16,False
2026-06-18,Unauthorized AI Use,Moderate,CS201,TA,15,False
2026-06-18,Facilitation,Minor,CS201,Instructor,16,True
2026-06-18,Facilitation,Moderate,ENG101,Administrator,14,False
2026-06-18,Cheating,Minor,CS101,Peer,11,False
2026-06-18,Cheating,Minor,CS101,Peer,18,False
2026-06-18,Unauthorized AI Use,Moderate,CS201,TA,13,False
2026-06-18,Cheating,Moderate,ENG101,Administrator,12,False
2026-06-18,Cheating,Major,CS201,Peer,16,False
2026-06-18,Fabrication,Moderate,CS201,Instructor,17,False
2026-06-18,Cheating,Minor,PHYS101,Instructor,13,False
2026-06-18,Plagiarism,Moderate,ENG101,Instructor,16,False
2026-06-19,Cheating,Major,ENG101,Instructor,16,False
2026-06-19,Plagiarism,Minor,MATH101,Instructor,17,False
2026-06-19,Cheating,Moderate,CS101,TA,11,False
2026-06-19,Fabrication,Moderate,MATH101,TA,11,False
2026-06-19,Plagiarism,Moderate,MATH101,Peer,17,True
2026-06-20,Unauthorized AI Use,Major,PHYS101,Administrator,9,False
2026-06-20,Plagiarism,Moderate,PHYS101,Peer,10,False
2026-06-20,Fabrication,Major,PHYS101,Instructor,13,False
2026-06-20,Plagiarism,Minor,CS201,Peer,11,True
2026-06-21,Fabrication,Moderate,CS101,Instructor,16,False
2026-06-21,Unauthorized AI Use,Major,CS201,Instructor,11,False
2026-06-21,Plagiarism,Moderate,PHYS101,Instructor,16,False
2026-06-22,Cheating,Minor,ENG101,Administrator,11,False
2026-06-22,Facilitation,Major,CS101,Peer,6,False
2026-06-22,Plagiarism,Moderate,MATH101,Instructor,17,False
2026-06-22,Cheating,Major,CS201,Instructor,13,False
2026-06-22,Cheating,Major,CS201,Peer,18,False
2026-06-22,Cheating,Minor,MATH101,TA,23,False
2026-06-23,Cheating,Moderate,ENG101,Peer,12,False
2026-06-23,Cheating,Moderate,CS201,Instructor,18,False
2026-06-23,Cheating,Minor,MATH101,Administrator,14,True
2026-06-23,Facilitation,Major,CS201,Administrator,10,False
2026-06-23,Plagiarism,Major,CS201,Instructor,24,False
2026-06-24,Plagiarism,Major,PHYS101,Instructor,13,False
2026-06-24,Cheating,Major,CS101,Administrator,8,False
2026-06-24,Facilitation,Minor,ENG101,Administrator,19,False
2026-06-24,Plagiarism,Major,CS201,Peer,10,False
2026-06-24,Facilitation,Moderate,MATH101,Instructor,17,False
2026-06-24,Plagiarism,Major,ENG101,TA,16,True
2026-06-24,Plagiarism,Moderate,MATH101,TA,14,True
2026-06-24,Plagiarism,Minor,PHYS101,Peer,16,False
2026-06-25,Plagiarism,Minor,ENG101,Instructor,19,False
2026-06-25,Plagiarism,Minor,PHYS101,Peer,21,False
2026-06-25,Plagiarism,Moderate,MATH101,TA,10,True
2026-06-25,Fabrication,Major,CS201,Peer,15,False
2026-06-25,Fabrication,Minor,CS101,TA,19,True
2026-06-25,Unauthorized AI Use,Major,CS101,TA,17,False
2026-06-26,Unauthorized AI Use,Major,CS101,TA,14,False
2026-06-26,Unauthorized AI Use,Moderate,PHYS101,Instructor,17,True
2026-06-26,Plagiarism,Minor,CS201,Instructor,18,True
2026-06-26,Unauthorized AI Use,Minor,CS101,TA,8,False
2026-06-26,Plagiarism,Moderate,CS101,Instructor,18,False
2026-06-26,Facilitation,Moderate,CS201,Administrator,15,False
2026-06-26,Plagiarism,Moderate,ENG101,TA,11,False
2026-06-26,Plagiarism,Minor,ENG101,TA,14,False
2026-06-26,Cheating,Major,CS101,Administrator,18,False
2026-06-26,Plagiarism,Major,PHYS101,Peer,9,False
2026-06-26,Plagiarism,Minor,ENG101,Peer,10,False
2026-06-27,Plagiarism,Minor,ENG101,Peer,11,False
2026-06-27,Cheating,Minor,ENG101,Instructor,15,True
2026-06-28,Facilitation,Major,PHYS101,Peer,17,False
2026-06-29,Facilitation,Moderate,PHYS101,Administrator,16,False
2026-06-29,Cheating,Major,CS201,Peer,20,True
2026-06-29,Facilitation,Moderate,CS201,Peer,13,False
2026-06-29,Unauthorized AI Use,Minor,CS201,Instructor,16,False
2026-06-29,Fabrication,Major,ENG101,Instructor,21,False
2026-06-30,Fabrication,Moderate,CS101,Administrator,18,False
2026-06-30,Cheating,Major,CS201,TA,7,False
2026-06-30,Plagiarism,Moderate,CS101,Instructor,15,True
2026-06-30,Cheating,Moderate,PHYS101,Peer,10,True
2026-06-30,Cheating,Moderate,PHYS101,Instructor,15,False
2026-06-30,Unauthorized AI Use,Moderate,CS201,Instructor,14,True
2026-06-30,Cheating,Minor,MATH101,Peer,12,False
2026-06-30,Unauthorized AI Use,Moderate,CS201,Peer,13,False
2026-06-30,Plagiarism,Minor,ENG101,TA,14,False
2026-07-01,Cheating,Major,PHYS101,Peer,8,False
2026-07-01,Fabrication,Major,PHYS101,Administrator,15,False
2026-07-01,Plagiarism,Minor,CS101,TA,18,False
2026-07-01,Facilitation,Minor,MATH101,Peer,20,False
2026-07-01,Unauthorized AI Use,Moderate,PHYS101,Peer,17,False
2026-07-01,Plagiarism,Major,CS101,Peer,14,False
2026-07-01,Plagiarism,Minor,CS201,Peer,18,True
2026-07-01,Plagiarism,Major,MATH101,TA,14,False
2026-07-01,Cheating,Moderate,ENG101,Administrator,13,False
2026-07-01,Cheating,Moderate,CS101,TA,12,False
2026-07-02,Unauthorized AI Use,Major,CS101,Peer,18,False
2026-07-02,Unauthorized AI Use,Major,CS101,Peer,14,False
2026-07-02,Plagiarism,Minor,ENG101,Instructor,10,False
2026-07-02,Fabrication,Minor,MATH101,TA,17,False
2026-07-02,Cheating,Moderate,PHYS101,Instructor,14,True
2026-07-02,Fabrication,Minor,CS101,Instructor,11,False
2026-07-02,Unauthorized AI Use,Moderate,MATH101,TA,13,False
2026-07-02,Plagiarism,Moderate,CS101,Peer,12,False
2026-07-03,Unauthorized AI Use,Moderate,CS201,Peer,11,False
2026-07-03,Plagiarism,Major,CS101,Administrator,20,True
2026-07-03,Unauthorized AI Use,Minor,CS201,TA,15,True
2026-07-03,Cheating,Moderate,ENG101,TA,16,True
2026-07-03,Unauthorized AI Use,Moderate,ENG101,Instructor,18,False
2026-07-03,Unauthorized AI Use,Minor,ENG101,Peer,16,False
2026-07-03,Plagiarism,Moderate,MATH101,TA,9,False
2026-07-03,Unauthorized AI Use,Major,ENG101,Administrator,19,False
2026-07-03,Cheating,Major,MATH101,Peer,13,False
2026-07-03,Cheating,Major,CS201,Instructor,21,False
2026-07-04,Facilitation,Moderate,PHYS101,TA,10,False
2026-07-04,Fabrication,Major,CS201,Peer,15,False
2026-07-04,Unauthorized AI Use,Moderate,CS201,TA,12,False
2026-07-04,Fabrication,Major,MATH101,TA,14,False
2026-07-04,Plagiarism,Moderate,MATH101,Peer,16,False
2026-07-04,Unauthorized AI Use,Minor,CS101,Peer,13,False
2026-07-04,Facilitation,Minor,CS201,TA,12,False
2026-07-04,Fabrication,Major,CS101,Administrator,15,False
2026-07-05,Cheating,Major,MATH101,Peer,13,False
2026-07-06,Facilitation,Moderate,CS201,TA,8,False
2026-07-06,Plagiarism,Minor,PHYS101,Peer,9,False
2026-07-06,Plagiarism,Moderate,CS101,TA,14,False
2026-07-06,Plagiarism,Major,MATH101,TA,20,False
2026-07-06,Unauthorized AI Use,Minor,PHYS101,TA,17,False
2026-07-06,Plagiarism,Major,ENG101,Instructor,13,True
2026-07-06,Unauthorized AI Use,Moderate,ENG101,Peer,13,False
2026-07-06,Cheating,Minor,PHYS101,Administrator,22,False
2026-07-06,Cheating,Major,CS201,TA,20,True
2026-07-07,Plagiarism,Minor,MATH101,Peer,18,False
2026-07-07,Fabrication,Moderate,MATH101,Administrator,12,False
2026-07-07,Plagiarism,Minor,CS101,TA,19,False
2026-07-07,Fabrication,Major,PHYS101,TA,12,False
2026-07-07,Cheating,Minor,CS101,Instructor,16,False
2026-07-07,Cheating,Minor,MATH101,Instructor,16,False
2026-07-07,Cheating,Major,PHYS101,Instructor,15,True
2026-07-07,Plagiarism,Major,ENG101,Administrator,15,False
2026-07-07,Unauthorized AI Use,Moderate,ENG101,Peer,9,False
2026-07-08,Fabrication,Minor,CS101,TA,19,False
2026-07-08,Cheating,Major,CS201,Administrator,19,False
2026-07-08,Unauthorized AI Use,Moderate,CS201,TA,11,True
2026-07-08,Cheating,Minor,CS201,Administrator,11,False
2026-07-08,Cheating,Moderate,CS201,Peer,24,False
2026-07-08,Unauthorized AI Use,Moderate,ENG101,Instructor,15,True
2026-07-08,Plagiarism,Minor,PHYS101,Peer,15,False
2026-07-08,Unauthorized AI Use,Moderate,CS201,Instructor,15,False
2026-07-08,Fabrication,Major,CS101,Administrator,20,False
2026-07-08,Cheating,Moderate,MATH101,Instructor,9,False
2026-07-08,Unauthorized AI Use,Major,CS101,Peer,11,False
2026-07-08,Plagiarism,Minor,PHYS101,Peer,15,False
2026-07-08,Fabrication,Minor,CS201,TA,15,True
2026-07-09,Cheating,Major,CS101,Administrator,16,False
2026-07-09,Cheating,Moderate,MATH101,Administrator,12,False
2026-07-09,Plagiarism,Moderate,CS201,TA,10,False
2026-07-09,Unauthorized AI Use,Moderate,CS101,Administrator,13,False
2026-07-09,Plagiarism,Major,MATH101,Administrator,13,False
2026-07-09,Plagiarism,Minor,PHYS101,Instructor,16,False
2026-07-10,Facilitation,Major,CS101,TA,10,False
2026-07-10,Cheating,Moderate,PHYS101,Administrator,12,False
2026-07-10,Facilitation,Minor,CS201,Instructor,19,False
2026-07-10,Fabrication,Moderate,CS101,TA,13,True
2026-07-10,Unauthorized AI Use,Major,CS201,Instructor,15,False
2026-07-10,Facilitation,Major,CS201,Instructor,7,False
2026-07-10,Facilitation,Moderate,ENG101,Peer,14,False
2026-07-10,Fabrication,Moderate,ENG101,Peer,16,False
2026-07-11,Cheating,Moderate,ENG101,TA,21,False
2026-07-11,Facilitation,Moderate,MATH101,TA,18,False
2026-07-11,Fabrication,Moderate,CS201,Administrator,15,False
2026-07-11,Unauthorized AI Use,Major,MATH101,Administrator,18,False
2026-07-11,Plagiarism,Major,CS201,Peer,17,False
2026-07-11,Fabrication,Major,ENG101,TA,15,False
2026-07-11,Cheating,Moderate,PHYS101,TA,23,False
2026-07-11,Unauthorized AI Use,Major,PHYS101,Peer,11,False
2026-07-12,Unauthorized AI Use,Minor,CS101,TA,14,False
2026-07-12,Plagiarism,Moderate,CS201,Instructor,12,True
2026-07-13,Cheating,Moderate,ENG101,Peer,12,True
2026-07-13,Plagiarism,Major,CS201,Peer,19,False
2026-07-13,Fabrication,Major,PHYS101,TA,18,True
2026-07-13,Fabrication,Minor,PHYS101,Instructor,14,False
2026-07-13,Plagiarism,Moderate,CS201,TA,14,False
2026-07-13,Cheating,Moderate,ENG101,TA,21,False
2026-07-13,Plagiarism,Moderate,CS201,TA,19,False
2026-07-13,Plagiarism,Minor,MATH101,Instructor,17,True
2026-07-14,Cheating,Major,ENG101,Administrator,16,False
2026-07-14,Plagiarism,Major,CS201,Administrator,16,False
2026-07-14,Cheating,Moderate,MATH101,Instructor,17,False
2026-07-14,Plagiarism,Moderate,CS101,Instructor,9,False
2026-07-14,Fabrication,Moderate,MATH101,Administrator,16,False
2026-07-14,Cheating,Minor,ENG101,Administrator,13,False
2026-07-14,Cheating,Minor,CS201,TA,19,False
2026-07-14,Facilitation,Minor,CS201,Peer,25,False
2026-07-15,Facilitation,Moderate,MATH101,Administrator,7,True
2026-07-15,Unauthorized AI Use,Minor,MATH101,Peer,15,False
2026-07-15,Fabrication,Major,MATH101,Administrator,14,False
2026-07-15,Fabrication,Minor,CS101,TA,13,False
2026-07-15,Plagiarism,Moderate,PHYS101,Instructor,13,False
2026-07-15,Plagiarism,Moderate,MATH101,TA,14,False
2026-07-15,Fabrication,Minor,MATH101,Administrator,10,False
2026-07-15,Cheating,Minor,CS101,Administrator,21,False
2026-07-15,Unauthorized AI Use,Major,MATH101,Peer,10,False
2026-07-15,Cheating,Minor,CS201,TA,25,False
2026-07-15,Plagiarism,Moderate,ENG101,Peer,12,False
2026-07-15,Cheating,Moderate,ENG101,Peer,15,False
2026-07-16,Fabrication,Major,PHYS101,Peer,15,False
2026-07-16,Plagiarism,Moderate,ENG101,TA,17,False
2026-07-16,Cheating,Minor,ENG101,Peer,13,False
2026-07-16,Fabrication,Major,ENG101,Administrator,19,False
2026-07-16,Plagiarism,Moderate,PHYS101,Administrator,12,False
2026-07-16,Facilitation,Moderate,PHYS101,Administrator,15,False
2026-07-16,Cheating,Minor,ENG101,TA,12,True
2026-07-16,Facilitation,Minor,CS201,Instructor,16,False
2026-07-16,Plagiarism,Minor,CS101,TA,18,False
2026-07-16,Plagiarism,Major,MATH101,Instructor,19,False
2026-07-16,Unauthorized AI Use,Moderate,PHYS101,Instructor,20,True
2026-07-16,Facilitation,Moderate,ENG101,Administrator,11,False
2026-07-16,Plagiarism,Minor,CS101,Instructor,18,False
2026-07-16,Unauthorized AI Use,Major,CS101,Instructor,19,False
2026-07-16,Fabrication,Moderate,PHYS101,Peer,15,False
2026-07-16,Cheating,Minor,CS201,TA,21,False
2026-07-17,Cheating,Minor,PHYS101,Peer,11,False
2026-07-17,Fabrication,Major,CS201,Instructor,18,False
2026-07-17,Facilitation,Moderate,ENG101,Administrator,13,False
2026-07-17,Cheating,Moderate,CS201,TA,23,False
2026-07-17,Unauthorized AI Use,Moderate,CS201,Peer,16,False
2026-07-17,Facilitation,Moderate,CS201,Instructor,20,False
2026-07-17,Facilitation,Minor,CS101,Instructor,12,False
2026-07-17,Cheating,Moderate,PHYS101,Peer,17,False
2026-07-17,Fabrication,Major,CS201,Instructor,9,False
2026-07-17,Plagiarism,Moderate,PHYS101,Peer,8,True
2026-07-18,Unauthorized AI Use,Minor,PHYS101,Administrator,11,False
2026-07-18,Plagiarism,Minor,MATH101,Peer,14,False
2026-07-18,Plagiarism,Major,PHYS101,Administrator,15,False
2026-07-18,Facilitation,Moderate,CS201,Instructor,21,False
2026-07-18,Plagiarism,Moderate,ENG101,Instructor,8,True
2026-07-18,Fabrication,Moderate,CS101,Administrator,12,False
2026-07-18,Plagiarism,Minor,MATH101,Administrator,17,False
2026-07-19,Cheating,Moderate,CS101,Peer,13,False
2026-07-19,Cheating,Minor,CS101,TA,18,False
2026-07-19,Facilitation,Minor,CS201,Instructor,20,False
2026-07-19,Fabrication,Minor,ENG101,TA,14,False
2026-07-19,Fabrication,Moderate,ENG101,TA,20,False
2026-07-19,Facilitation,Moderate,PHYS101,Peer,13,False
2026-07-20,Unauthorized AI Use,Minor,CS201,TA,20,False
2026-07-20,Unauthorized AI Use,Moderate,MATH101,TA,16,False
2026-07-20,Fabrication,Major,MATH101,Peer,8,True
2026-07-20,Unauthorized AI Use,Minor,MATH101,TA,15,False
2026-07-20,Unauthorized AI Use,Major,MATH101,Peer,16,False
2026-07-20,Cheating,Moderate,CS101,Administrator,19,False
2026-07-21,Facilitation,Minor,CS201,Peer,17,False
2026-07-21,Plagiarism,Major,CS201,TA,14,False
2026-07-21,Facilitation,Major,ENG101,Instructor,10,False
2026-07-22,Unauthorized AI Use,Moderate,CS201,TA,10,False
2026-07-22,Cheating,Moderate,ENG101,TA,17,False
2026-07-22,Plagiarism,Moderate,ENG101,Peer,11,False
2026-07-22,Plagiarism,Major,PHYS101,Instructor,15,False
2026-07-22,Cheating,Major,ENG101,Administrator,17,False
2026-07-22,Cheating,Moderate,CS201,Peer,16,False
2026-07-22,Plagiarism,Moderate,ENG101,Administrator,14,False
2026-07-22,Cheating,Major,CS101,Instructor,18,False
2026-07-23,Plagiarism,Major,CS201,Peer,12,False
2026-07-23,Cheating,Minor,ENG101,TA,14,False
2026-07-24,Unauthorized AI Use,Minor,CS201,Instructor,12,False
2026-07-24,Unauthorized AI Use,Moderate,CS201,TA,18,False
2026-07-24,Fabrication,Minor,ENG101,Instructor,10,False
2026-07-24,Facilitation,Major,PHYS101,Instructor,16,False
2026-07-24,Cheating,Minor,PHYS101,Instructor,13,False
2026-07-24,Cheating,Minor,CS201,Instructor,8,False
2026-07-25,Fabrication,Minor,PHYS101,Administrator,12,False
2026-07-25,Plagiarism,Major,MATH101,TA,21,True
2026-07-26,Plagiarism,Moderate,CS101,Peer,22,False
2026-07-26,Unauthorized AI Use,Major,CS201,Peer,17,True
2026-07-26,Plagiarism,Major,ENG101,TA,11,False
2026-07-26,Cheating,Minor,CS101,Instructor,13,False
2026-07-26,Cheating,Major,CS201,Administrator,15,False
2026-07-27,Unauthorized AI Use,Major,CS101,TA,19,False
2026-07-27,Plagiarism,Minor,MATH101,TA,12,True
2026-07-27,Cheating,Major,CS201,TA,9,False
2026-07-27,Cheating,Major,MATH101,TA,25,False
2026-07-27,Cheating,Major,MATH101,Administrator,13,True
2026-07-27,Fabrication,Minor,CS201,Peer,15,False
2026-07-27,Unauthorized AI Use,Moderate,PHYS101,TA,13,False
2026-07-27,Plagiarism,Moderate,CS201,TA,13,False
2026-07-27,Cheating,Moderate,PHYS101,Instructor,12,False
2026-07-27,Cheating,Moderate,CS101,Peer,8,False
2026-07-28,Plagiarism,Moderate,ENG101,Administrator,16,False
2026-07-28,Unauthorized AI Use,Moderate,ENG101,Instructor,17,False
2026-07-28,Unauthorized AI Use,Major,CS101,Peer,22,True
2026-07-28,Plagiarism,Minor,ENG101,Peer,12,False
2026-07-28,Plagiarism,Minor,PHYS101,Instructor,15,True
2026-07-28,Plagiarism,Moderate,PHYS101,Peer,9,False
2026-07-28,Plagiarism,Major,CS101,Peer,13,False
2026-07-28,Cheating,Moderate,ENG101,Instructor,13,False
2026-07-28,Fabrication,Minor,CS201,Peer,19,False
2026-07-28,Plagiarism,Major,PHYS101,TA,16,False
2026-07-29,Fabrication,Minor,MATH101,TA,18,False
2026-07-29,Plagiarism,Minor,CS201,TA,18,False
2026-07-29,Facilitation,Moderate,MATH101,Instructor,8,False
2026-07-29,Plagiarism,Moderate,CS201,Administrator,16,False
2026-07-29,Cheating,Minor,MATH101,Administrator,15,False
2026-07-30,Fabrication,Minor,MATH101,Instructor,15,False
2026-07-30,Fabrication,Major,MATH101,TA,7,False
2026-07-30,Unauthorized AI Use,Minor,CS101,Instructor,22,False
2026-07-30,Plagiarism,Major,MATH101,TA,17,False
2026-07-30,Cheating,Major,CS101,Administrator,15,False
2026-07-30,Cheating,Major,CS101,TA,16,False
2026-07-30,Facilitation,Major,PHYS101,Peer,14,True
2026-07-31,Fabrication,Moderate,CS101,Peer,15,False
2026-07-31,Unauthorized AI Use,Major,PHYS101,TA,13,False
2026-07-31,Fabrication,Minor,CS101,Instructor,20,False
2026-07-31,Plagiarism,Moderate,ENG101,Peer,11,False
2026-07-31,Plagiarism,Moderate,CS101,Administrator,19,False
2026-08-01,Cheating,Minor,CS101,Peer,14,False
2026-08-01,Plagiarism,Moderate,CS201,TA,15,False
2026-08-01,Cheating,Minor,CS101,Instructor,14,False
2026-08-01,Fabrication,Moderate,PHYS101,TA,12,False
2026-08-02,Plagiarism,Major,ENG101,TA,16,False
2026-08-02,Cheating,Major,MATH101,Peer,16,False
2026-08-02,Fabrication,Minor,ENG101,TA,18,False
2026-08-02,Cheating,Moderate,ENG101,Instructor,20,False
2026-08-03,Plagiarism,Major,PHYS101,Instructor,16,False
2026-08-03,Plagiarism,Moderate,CS201,Administrator,25,False
2026-08-03,Unauthorized AI Use,Major,CS101,Peer,4,False
2026-08-03,Plagiarism,Moderate,MATH101,Instructor,9,False
2026-08-03,Plagiarism,Major,ENG101,Peer,16,False
2026-08-03,Cheating,Moderate,ENG101,Instructor,18,True
2026-08-04,Fabrication,Major,MATH101,Peer,20,True
2026-08-04,Facilitation,Moderate,CS201,TA,16,True
2026-08-05,Unauthorized AI Use,Minor,CS101,Instructor,10,False
2026-08-05,Unauthorized AI Use,Minor,MATH101,Instructor,13,False
2026-08-05,Plagiarism,Major,MATH101,Peer,13,False
2026-08-05,Unauthorized AI Use,Moderate,MATH101,Administrator,19,False
2026-08-05,Fabrication,Major,CS201,Administrator,17,False
2026-08-05,Unauthorized AI Use,Moderate,ENG101,Administrator,16,False
2026-08-06,Plagiarism,Moderate,CS101,TA,24,True
2026-08-06,Unauthorized AI Use,Moderate,PHYS101,TA,12,False
2026-08-06,Plagiarism,Minor,MATH101,Administrator,11,True
2026-08-06,Unauthorized AI Use,Moderate,CS101,Peer,21,False
2026-08-06,Unauthorized AI Use,Moderate,CS101,Instructor,16,False
2026-08-06,Unauthorized AI Use,Major,MATH101,TA,20,False
2026-08-06,Plagiarism,Minor,CS101,TA,16,False
2026-08-06,Unauthorized AI Use,Moderate,MATH101,Administrator,20,True
2026-08-06,Plagiarism,Major,CS201,TA,12,False
2026-08-06,Facilitation,Minor,ENG101,TA,19,False
2026-08-07,Plagiarism,Major,CS201,TA,16,False
2026-08-07,Cheating,Moderate,CS201,TA,21,False
2026-08-07,Cheating,Major,ENG101,Administrator,13,False
2026-08-07,Fabrication,Moderate,CS101,Administrator,12,False
2026-08-07,Plagiarism,Minor,CS201,Instructor,11,False
2026-08-07,Unauthorized AI Use,Minor,CS201,TA,13,False
2026-08-07,Cheating,Major,PHYS101,Peer,16,False
2026-08-07,Unauthorized AI Use,Moderate,PHYS101,Peer,18,False
2026-08-07,Cheating,Minor,PHYS101,TA,20,False
2026-08-08,Plagiarism,Minor,CS201,Administrator,20,False
2026-08-08,Unauthorized AI Use,Minor,CS201,TA,22,False
2026-08-08,Cheating,Minor,PHYS101,Peer,15,False
2026-08-08,Cheating,Major,CS201,Instructor,12,False
2026-08-08,Facilitation,Minor,CS201,TA,25,True
2026-08-08,Plagiarism,Minor,ENG101,Instructor,20,False
2026-08-08,Cheating,Minor,CS101,TA,14,False
2026-08-08,Plagiarism,Moderate,CS101,TA,19,False
2026-08-08,Plagiarism,Moderate,CS101,Administrator,22,False
2026-08-09,Plagiarism,Major,ENG101,Administrator,16,False
2026-08-09,Cheating,Minor,PHYS101,Administrator,13,False
2026-08-10,Unauthorized AI Use,Minor,ENG101,Peer,15,False
2026-08-10,Fabrication,Moderate,PHYS101,Administrator,13,False
2026-08-11,Unauthorized AI Use,Moderate,ENG101,Administrator,10,True
2026-08-11,Fabrication,Minor,ENG101,Administrator,20,False
2026-08-11,Plagiarism,Moderate,CS101,Peer,19,False
2026-08-11,Cheating,Minor,ENG101,Instructor,13,True
2026-08-11,Facilitation,Minor,ENG101,Administrator,18,False
2026-08-12,Plagiarism,Minor,CS201,Administrator,13,False
2026-08-12,Unauthorized AI Use,Moderate,ENG101,TA,17,True
2026-08-12,Unauthorized AI Use,Major,MATH101,Administrator,20,False
2026-08-12,Unauthorized AI Use,Major,PHYS101,Peer,13,False
2026-08-12,Cheating,Minor,ENG101,TA,17,False
2026-08-12,Unauthorized AI Use,Minor,ENG101,Peer,17,False
2026-08-13,Fabrication,Major,CS201,Peer,12,False
2026-08-13,Cheating,Moderate,MATH101,TA,16,False
2026-08-13,Unauthorized AI Use,Major,CS101,Peer,13,False
2026-08-13,Unauthorized AI Use,Major,CS101,Instructor,11,False
2026-08-14,Facilitation,Major,CS101,Peer,13,False
2026-08-14,Cheating,Minor,CS201,Administrator,18,False
2026-08-14,Plagiarism,Minor,PHYS101,Administrator,14,False
2026-08-14,Cheating,Moderate,ENG101,Administrator,12,False
2026-08-14,Unauthorized AI Use,Moderate,CS101,Peer,17,False
2026-08-14,Cheating,Moderate,PHYS101,Peer,15,False
2026-08-14,Plagiarism,Major,MATH101,Administrator,16,False
2026-08-14,Plagiarism,Moderate,PHYS101,Instructor,14,False
2026-08-15,Fabrication,Minor,MATH101,Administrator,16,True
2026-08-15,Fabrication,Major,ENG101,Administrator,16,False
2026-08-15,Fabrication,Major,ENG101,TA,9,True
2026-08-15,Fabrication,Minor,MATH101,TA,18,False
2026-08-15,Cheating,Minor,ENG101,Instructor,11,False
2026-08-15,Cheating,Moderate,ENG101,Instructor,21,False
2026-08-15,Plagiarism,Minor,ENG101,Administrator,8,False
2026-08-16,Facilitation,Minor,CS201,Administrator,22,True
2026-08-16,Facilitation,Minor,MATH101,Administrator,9,False
2026-08-16,Fabrication,Major,ENG101,Instructor,11,False
2026-08-16,Plagiarism,Minor,CS101,TA,17,False
2026-08-16,Unauthorized AI Use,Minor,PHYS101,Peer,9,False
2026-08-17,Unauthorized AI Use,Major,CS201,Instructor,10,False
2026-08-17,Plagiarism,Moderate,MATH101,Administrator,18,False
2026-08-17,Plagiarism,Major,ENG101,Peer,18,False
2026-08-17,Plagiarism,Major,PHYS101,Peer,13,False
2026-08-17,Plagiarism,Moderate,MATH101,Administrator,14,False
2026-08-17,Unauthorized AI Use,Major,ENG101,TA,15,False
2026-08-18,Plagiarism,Moderate,PHYS101,Instructor,15,True
2026-08-18,Fabrication,Minor,CS201,Instructor,9,False
2026-08-18,Fabrication,Major,ENG101,Administrator,11,False
2026-08-18,Unauthorized AI Use,Moderate,ENG101,Instructor,17,False
2026-08-18,Unauthorized AI Use,Moderate,PHYS101,TA,20,False
2026-08-18,Plagiarism,Major,MATH101,Administrator,15,False
2026-08-19,Fabrication,Minor,CS201,Instructor,17,True
2026-08-19,Plagiarism,Minor,MATH101,TA,13,False
2026-08-19,Cheating,Minor,PHYS101,TA,15,False
2026-08-19,Plagiarism,Minor,PHYS101,TA,13,False
2026-08-19,Cheating,Minor,MATH101,Instructor,14,False
2026-08-19,Facilitation,Moderate,CS201,Peer,16,False
2026-08-19,Plagiarism,Moderate,PHYS101,Administrator,19,False
2026-08-19,Plagiarism,Moderate,CS101,Administrator,20,True
2026-08-20,Fabrication,Moderate,ENG101,Administrator,14,True
2026-08-20,Unauthorized AI Use,Moderate,MATH101,TA,15,False
2026-08-20,Plagiarism,Minor,ENG101,TA,21,False
2026-08-20,Fabrication,Major,MATH101,Administrator,15,False
2026-08-20,Plagiarism,Moderate,CS201,TA,16,False
2026-08-20,Plagiarism,Major,PHYS101,Instructor,15,True
2026-08-20,Plagiarism,Moderate,CS201,Administrator,8,False
2026-08-20,Cheating,Major,PHYS101,Peer,17,False
2026-08-20,Facilitation,Major,CS201,Peer,18,False
2026-08-21,Plagiarism,Moderate,CS101,Instructor,13,True
2026-08-21,Plagiarism,Minor,CS201,Peer,19,False
2026-08-21,Unauthorized AI Use,Moderate,PHYS101,TA,15,False
2026-08-21,Cheating,Minor,PHYS101,Administrator,18,False
2026-08-21,Facilitation,Minor,MATH101,TA,13,False
2026-08-21,Cheating,Major,CS201,TA,13,True
2026-08-21,Plagiarism,Major,PHYS101,Peer,14,False
2026-08-22,Plagiarism,Major,ENG101,Instructor,16,False
2026-08-22,Plagiarism,Moderate,CS101,TA,21,False
2026-08-22,Facilitation,Minor,ENG101,Peer,22,True
2026-08-23,Cheating,Major,CS201,Administrator,10,False
2026-08-23,Cheating,Major,PHYS101,Peer,20,False
2026-08-23,Cheating,Major,MATH101,Administrator,14,False
2026-08-23,Plagiarism,Major,CS101,TA,18,False
2026-08-23,Cheating,Minor,PHYS101,Peer,17,False
2026-08-23,Plagiarism,Minor,ENG101,TA,8,False
2026-08-23,Plagiarism,Moderate,ENG101,Administrator,17,False
2026-08-23,Facilitation,Major,CS101,Peer,16,False
2026-08-23,Unauthorized AI Use,Minor,ENG101,Administrator,16,False
2026-08-24,Fabrication,Moderate,PHYS101,TA,13,False
2026-08-24,Cheating,Major,PHYS101,TA,18,False
2026-08-24,Plagiarism,Major,ENG101,Instructor,11,False
2026-08-24,Plagiarism,Moderate,MATH101,Peer,8,True
2026-08-24,Unauthorized AI Use,Major,CS201,Peer,18,False
2026-08-25,Fabrication,Minor,PHYS101,Administrator,17,False
2026-08-25,Facilitation,Major,MATH101,Instructor,19,False
2026-08-25,Cheating,Major,CS201,Instructor,12,False
2026-08-25,Unauthorized AI Use,Major,CS201,Instructor,20,False
2026-08-25,Cheating,Moderate,CS201,TA,9,False
2026-08-25,Facilitation,Minor,ENG101,Instructor,14,False
2026-08-25,Fabrication,Minor,CS201,Instructor,13,False
2026-08-25,Cheating,Minor,ENG101,Administrator,12,False
2026-08-26,Cheating,Minor,CS101,Administrator,19,False
2026-08-26,Cheating,Minor,PHYS101,Peer,24,False
2026-08-26,Plagiarism,Major,MATH101,Administrator,12,False
2026-08-26,Cheating,Moderate,PHYS101,Peer,14,False
2026-08-26,Cheating,Major,CS101,Peer,18,False
2026-08-26,Fabrication,Major,PHYS101,Peer,13,False
2026-08-26,Unauthorized AI Use,Major,PHYS101,Administrator,12,False
2026-08-27,Cheating,Major,PHYS101,Instructor,17,False
2026-08-27,Unauthorized AI Use,Minor,MATH101,Instructor,15,False
2026-08-27,Facilitation,Major,MATH101,TA,15,True
2026-08-27,Cheating,Major,MATH101,TA,14,False
2026-08-27,Unauthorized AI Use,Major,MATH101,Instructor,18,False
2026-08-27,Plagiarism,Moderate,ENG101,Administrator,15,False
2026-08-27,Fabrication,Major,ENG101,Administrator,19,False
2026-08-28,Unauthorized AI Use,Minor,PHYS101,TA,10,False
2026-08-28,Cheating,Moderate,PHYS101,Administrator,13,False
2026-08-28,Cheating,Minor,MATH101,Instructor,19,True
2026-08-28,Cheating,Major,MATH101,Administrator,10,False
2026-08-28,Fabrication,Moderate,MATH101,Instructor,22,False
2026-08-28,Cheating,Moderate,CS201,Peer,18,False
2026-08-28,Plagiarism,Moderate,PHYS101,Administrator,17,False
2026-08-28,Cheating,Moderate,MATH101,Instructor,14,False
2026-08-28,Unauthorized AI Use,Minor,CS201,Instructor,15,False
2026-08-28,Unauthorized AI Use,Major,ENG101,Instructor,21,False
2026-08-28,Plagiarism,Minor,CS201,TA,15,True
2026-08-29,Plagiarism,Moderate,CS101,Peer,20,False
2026-08-29,Fabrication,Major,MATH101,Instructor,14,False
2026-08-29,Fabrication,Minor,MATH101,Peer,18,False
2026-08-29,Cheating,Minor,CS101,Administrator,10,True
2026-08-29,Fabrication,Moderate,PHYS101,Administrator,10,False
2026-08-29,Unauthorized AI Use,Moderate,ENG101,TA,10,False
2026-08-29,Fabrication,Moderate,MATH101,Administrator,17,False
2026-08-29,Plagiarism,Minor,CS201,TA,8,False
2026-08-29,Plagiarism,Major,ENG101,TA,14,True
2026-08-30,Plagiarism,Moderate,MATH101,Administrator,16,True
2026-08-30,Facilitation,Major,ENG101,Administrator,14,False
2026-08-30,Fabrication,Major,CS201,TA,26,False
2026-08-30,Plagiarism,Moderate,ENG101,TA,14,False
2026-08-30,Fabrication,Moderate,MATH101,Administrator,11,False
2026-08-31,Facilitation,Minor,MATH101,Peer,25,False
2026-08-31,Facilitation,Major,CS201,Instructor,19,False
2026-08-31,Plagiarism,Moderate,CS201,Administrator,19,False
2026-08-31,Cheating,Major,CS201,Peer,13,False
2026-08-31,Fabrication,Minor,MATH101,Administrator,18,False
2026-08-31,Facilitation,Minor,CS101,TA,14,False
2026-09-01,Plagiarism,Moderate,CS101,Instructor,13,False
2026-09-01,Plagiarism,Major,MATH101,Instructor,11,False
2026-09-01,Cheating,Minor,CS201,Instructor,10,False
2026-09-01,Plagiarism,Minor,PHYS101,Administrator,16,False
2026-09-01,Unauthorized AI Use,Major,PHYS101,TA,15,False
2026-09-01,Cheating,Moderate,CS201,Administrator,9,False
2026-09-01,Plagiarism,Moderate,PHYS101,Instructor,19,False
2026-09-01,Unauthorized AI Use,Major,MATH101,Administrator,13,False
2026-09-01,Cheating,Moderate,MATH101,Administrator,15,True
2026-09-01,Cheating,Minor,MATH101,Instructor,14,False
2026-09-01,Fabrication,Minor,ENG101,Administrator,21,False
2026-09-01,Unauthorized AI Use,Moderate,PHYS101,Instructor,15,False
2026-09-02,Fabrication,Minor,ENG101,Peer,16,False
2026-09-02,Plagiarism,Moderate,CS201,TA,14,True
2026-09-02,Plagiarism,Moderate,MATH101,TA,14,False
2026-09-02,Fabrication,Moderate,MATH101,TA,12,False
2026-09-02,Unauthorized AI Use,Major,PHYS101,Administrator,14,False
2026-09-02,Plagiarism,Minor,PHYS101,Instructor,14,False
2026-09-03,Plagiarism,Minor,ENG101,Peer,15,False
2026-09-03,Plagiarism,Major,CS101,Administrator,7,True
2026-09-03,Plagiarism,Minor,ENG101,TA,11,False
2026-09-03,Unauthorized AI Use,Moderate,CS201,TA,19,False
2026-09-03,Facilitation,Minor,PHYS101,TA,9,False
2026-09-03,Fabrication,Moderate,CS201,Peer,14,False
2026-09-03,Plagiarism,Minor,CS201,TA,15,False
2026-09-03,Cheating,Minor,PHYS101,Instructor,10,False
2026-09-03,Cheating,Major,MATH101,Administrator,17,False
2026-09-04,Plagiarism,Moderate,CS201,Peer,14,False
2026-09-04,Plagiarism,Minor,PHYS101,TA,18,False
2026-09-04,Unauthorized AI Use,Minor,CS201,TA,22,False
2026-09-04,Fabrication,Minor,CS201,TA,16,False
2026-09-04,Cheating,Moderate,MATH101,Administrator,16,False
2026-09-04,Cheating,Major,CS101,TA,18,False
2026-09-05,Facilitation,Major,CS201,Peer,13,False
2026-09-05,Plagiarism,Major,MATH101,Administrator,10,False
2026-09-05,Plagiarism,Moderate,CS201,Administrator,19,False
2026-09-05,Plagiarism,Moderate,ENG101,Peer,14,False
2026-09-05,Unauthorized AI Use,Minor,ENG101,Administrator,16,False
2026-09-05,Cheating,Major,PHYS101,Administrator,13,False
2026-09-05,Plagiarism,Major,CS101,TA,22,False
2026-09-05,Facilitation,Moderate,ENG101,Instructor,19,False
2026-09-05,Plagiarism,Minor,CS101,TA,17,False
2026-09-05,Cheating,Minor,PHYS101,TA,11,False
2026-09-05,Fabrication,Moderate,CS201,TA,13,False
2026-09-05,Plagiarism,Moderate,MATH101,TA,16,False
2026-09-05,Cheating,Moderate,CS201,Instructor,6,False
2026-09-06,Unauthorized AI Use,Moderate,ENG101,Administrator,15,False
2026-09-06,Cheating,Minor,CS101,Administrator,17,False
2026-09-06,Plagiarism,Moderate,MATH101,TA,12,True
2026-09-06,Cheating,Minor,ENG101,Administrator,18,False
2026-09-06,Plagiarism,Moderate,CS201,Administrator,12,False
2026-09-07,Plagiarism,Moderate,PHYS101,Instructor,11,False
2026-09-07,Plagiarism,Moderate,PHYS101,TA,12,False
2026-09-07,Cheating,Minor,MATH101,Instructor,11,False
2026-09-07,Unauthorized AI Use,Minor,ENG101,Peer,25,False
2026-09-07,Cheating,Moderate,PHYS101,TA,12,False
2026-09-07,Unauthorized AI Use,Major,CS201,TA,14,False
2026-09-07,Cheating,Major,MATH101,Peer,21,False
2026-09-07,Facilitation,Major,CS101,Administrator,12,False
2026-09-07,Cheating,Moderate,MATH101,Administrator,10,False
2026-09-07,Cheating,Minor,PHYS101,TA,18,True
2026-09-08,Cheating,Minor,ENG101,Instructor,14,False
2026-09-08,Unauthorized AI Use,Minor,PHYS101,Peer,19,False
2026-09-08,Plagiarism,Major,PHYS101,Instructor,11,False
2026-09-08,Fabrication,Moderate,PHYS101,Peer,16,False
2026-09-08,Cheating,Minor,ENG101,Instructor,8,True
2026-09-08,Plagiarism,Minor,CS201,Instructor,15,False
2026-09-08,Plagiarism,Major,PHYS101,Instructor,15,True
2026-09-08,Plagiarism,Moderate,CS101,Administrator,11,False
2026-09-08,Plagiarism,Minor,PHYS101,Peer,15,False
2026-09-08,Unauthorized AI Use,Major,CS101,Instructor,19,False
2026-09-09,Cheating,Minor,CS201,Instructor,17,False
2026-09-09,Fabrication,Major,ENG101,Administrator,19,False
2026-09-09,Facilitation,Moderate,ENG101,Peer,17,False
2026-09-10,Facilitation,Minor,CS101,Peer,15,False
2026-09-10,Fabrication,Major,ENG101,TA,20,False
2026-09-10,Facilitation,Moderate,PHYS101,Administrator,12,False
2026-09-10,Unauthorized AI Use,Minor,CS201,Peer,24,False
2026-09-10,Cheating,Moderate,ENG101,Administrator,24,False
2026-09-10,Fabrication,Major,PHYS101,Peer,19,False
2026-09-10,Facilitation,Moderate,ENG101,Administrator,13,False
2026-09-11,Cheating,Major,MATH101,TA,17,False
2026-09-11,Cheating,Minor,ENG101,Instructor,14,False
2026-09-11,Plagiarism,Minor,ENG101,Administrator,11,True
2026-09-11,Plagiarism,Major,MATH101,TA,13,True
2026-09-11,Plagiarism,Moderate,PHYS101,Administrator,14,False
2026-09-11,Cheating,Moderate,PHYS101,Peer,17,False
2026-09-11,Cheating,Moderate,PHYS101,Instructor,14,False
2026-09-12,Unauthorized AI Use,Minor,PHYS101,Administrator,15,False
2026-09-12,Unauthorized AI Use,Moderate,MATH101,TA,15,False
2026-09-12,Plagiarism,Moderate,CS101,Administrator,12,False
2026-09-12,Facilitation,Moderate,PHYS101,Instructor,7,True
2026-09-13,Plagiarism,Moderate,MATH101,Peer,12,False
2026-09-13,Unauthorized AI Use,Minor,CS201,Peer,14,True
2026-09-13,Plagiarism,Moderate,PHYS101,Administrator,21,False
2026-09-13,Plagiarism,Moderate,ENG101,Administrator,15,False
2026-09-13,Plagiarism,Moderate,PHYS101,TA,21,True
2026-09-13,Plagiarism,Minor,PHYS101,Instructor,15,True
2026-09-13,Cheating,Moderate,CS201,Peer,14,False
2026-09-13,Plagiarism,Major,MATH101,TA,17,False
2026-09-13,Facilitation,Major,CS201,Administrator,15,False
2026-09-13,Plagiarism,Minor,CS201,Peer,14,False
2026-09-14,Fabrication,Minor,PHYS101,Administrator,13,True
2026-09-14,Fabrication,Minor,CS201,Administrator,17,False
2026-09-14,Unauthorized AI Use,Major,MATH101,TA,12,True
2026-09-14,Fabrication,Major,CS101,Instructor,10,True
2026-09-14,Cheating,Moderate,PHYS101,TA,18,False
2026-09-14,Unauthorized AI Use,Major,CS101,Instructor,22,False
2026-09-14,Plagiarism,Minor,MATH101,Administrator,13,False
2026-09-15,Plagiarism,Moderate,MATH101,Administrator,18,False
2026-09-15,Cheating,Major,ENG101,Administrator,8,False
2026-09-15,Fabrication,Moderate,PHYS101,Instructor,21,True
2026-09-15,Unauthorized AI Use,Major,MATH101,Administrator,22,True
2026-09-15,Plagiarism,Moderate,PHYS101,TA,9,True
2026-09-15,Facilitation,Minor,CS101,Administrator,21,False
2026-09-15,Facilitation,Minor,ENG101,TA,15,False
2026-09-16,Cheating,Minor,MATH101,Peer,13,False
2026-09-16,Plagiarism,Minor,ENG101,Peer,8,False
2026-09-16,Cheating,Major,ENG101,Peer,15,False
2026-09-16,Unauthorized AI Use,Minor,MATH101,TA,16,False
2026-09-16,Facilitation,Minor,CS101,TA,15,True
2026-09-17,Unauthorized AI Use,Major,MATH101,Administrator,12,False
2026-09-17,Plagiarism,Major,PHYS101,Peer,18,False
2026-09-17,Fabrication,Major,MATH101,Peer,16,False
2026-09-17,Plagiarism,Major,ENG101,Peer,17,False
2026-09-17,Plagiarism,Moderate,CS201,TA,15,False
2026-09-17,Fabrication,Minor,ENG101,Peer,20,True
2026-09-17,Cheating,Moderate,MATH101,TA,13,False
2026-09-17,Cheating,Minor,ENG101,Administrator,19,True
2026-09-17,Cheating,Moderate,MATH101,Instructor,24,False
2026-09-18,Fabrication,Major,ENG101,Peer,14,False
2026-09-18,Fabrication,Moderate,PHYS101,Instructor,13,False
2026-09-18,Cheating,Moderate,MATH101,Administrator,21,False
2026-09-18,Cheating,Minor,CS201,Administrator,18,True
2026-09-18,Cheating,Minor,CS101,Peer,20,False
2026-09-18,Plagiarism,Moderate,MATH101,Administrator,13,False
2026-09-18,Cheating,Moderate,MATH101,TA,14,True
2026-09-19,Unauthorized AI Use,Moderate,CS101,Instructor,15,True
2026-09-19,Facilitation,Moderate,CS101,Instructor,17,False
2026-09-19,Plagiarism,Moderate,MATH101,Instructor,16,False
2026-09-19,Cheating,Major,MATH101,Peer,22,False
2026-09-19,Cheating,Major,CS201,Administrator,15,False
2026-09-19,Plagiarism,Moderate,CS201,Peer,12,False
2026-09-19,Unauthorized AI Use,Minor,CS201,Peer,10,False
2026-09-19,Cheating,Moderate,PHYS101,Administrator,20,False
2026-09-19,Cheating,Moderate,PHYS101,Peer,13,False
2026-09-20,Plagiarism,Minor,CS201,TA,24,True
2026-09-20,Unauthorized AI Use,Moderate,ENG101,Instructor,20,True
2026-09-21,Unauthorized AI Use,Minor,CS101,TA,12,False
2026-09-21,Plagiarism,Moderate,ENG101,Peer,16,False
2026-09-21,Facilitation,Major,CS101,Administrator,9,False
2026-09-21,Cheating,Moderate,PHYS101,Instructor,19,False
2026-09-21,Facilitation,Major,CS201,Instructor,14,False
2026-09-21,Cheating,Moderate,PHYS101,Administrator,15,False
2026-09-21,Unauthorized AI Use,Moderate,CS201,Instructor,15,False
2026-09-21,Fabrication,Major,ENG101,TA,13,False
2026-09-22,Plagiarism,Major,MATH101,Administrator,12,False
2026-09-22,Cheating,Moderate,MATH101,Peer,13,False
2026-09-22,Plagiarism,Minor,CS101,Instructor,25,False
2026-09-22,Plagiarism,Moderate,ENG101,Instructor,16,False
2026-09-22,Plagiarism,Moderate,PHYS101,Peer,14,True
2026-09-23,Fabrication,Moderate,ENG101,Instructor,25,False
2026-09-23,Facilitation,Major,CS101,Instructor,16,False
2026-09-23,Facilitation,Minor,PHYS101,Peer,15,False
2026-09-23,Cheating,Minor,PHYS101,TA,21,False
2026-09-23,Unauthorized AI Use,Moderate,MATH101,TA,17,False
2026-09-23,Cheating,Minor,MATH101,Administrator,15,False
2026-09-23,Fabrication,Minor,PHYS101,TA,13,False
2026-09-23,Facilitation,Moderate,MATH101,Administrator,14,False
2026-09-23,Plagiarism,Major,MATH101,Peer,14,False
2026-09-23,Plagiarism,Moderate,CS101,TA,11,False
2026-09-24,Plagiarism,Minor,CS101,Instructor,26,False
2026-09-24,Unauthorized AI Use,Moderate,ENG101,Administrator,16,False
2026-09-24,Plagiarism,Minor,MATH101,Instructor,16,False
2026-09-24,Plagiarism,Minor,ENG101,Instructor,14,True
2026-09-25,Fabrication,Moderate,PHYS101,Instructor,7,False
2026-09-25,Plagiarism,Moderate,ENG101,Peer,10,True
2026-09-25,Fabrication,Moderate,CS201,Administrator,13,True
2026-09-25,Unauthorized AI Use,Major,CS201,Peer,9,False
2026-09-25,Cheating,Moderate,MATH101,Instructor,11,False
2026-09-26,Facilitation,Moderate,CS101,TA,15,False
2026-09-26,Plagiarism,Minor,CS101,TA,12,False
2026-09-26,Unauthorized AI Use,Moderate,CS101,Instructor,19,False
2026-09-27,Fabrication,Major,CS201,TA,13,False
2026-09-27,Fabrication,Major,ENG101,Administrator,14,False
2026-09-27,Cheating,Minor,ENG101,TA,16,False
2026-09-27,Cheating,Moderate,CS101,TA,15,False
2026-09-27,Fabrication,Moderate,CS201,Administrator,20,False
2026-09-27,Unauthorized AI Use,Minor,CS201,TA,17,False
2026-09-28,Facilitation,Major,PHYS101,Peer,9,False
2026-09-28,Plagiarism,Major,PHYS101,Peer,12,False
2026-09-28,Fabrication,Moderate,CS201,Peer,11,True
2026-09-28,Facilitation,Major,CS101,Administrator,13,False
2026-09-29,Fabrication,Moderate,ENG101,Instructor,15,False
2026-09-29,Unauthorized AI Use,Major,PHYS101,Peer,21,False
2026-09-29,Cheating,Moderate,CS101,Administrator,15,False
2026-09-29,Unauthorized AI Use,Moderate,MATH101,TA,15,False
2026-09-30,Unauthorized AI Use,Major,PHYS101,Peer,18,False
2026-09-30,Plagiarism,Major,MATH101,Peer,15,False
2026-09-30,Fabrication,Major,CS101,TA,11,False
2026-09-30,Fabrication,Major,ENG101,Administrator,14,False
2026-09-30,Cheating,Major,CS201,Peer,17,False
2026-09-30,Cheating,Major,PHYS101,Peer,9,True
2026-10-01,Cheating,Minor,PHYS101,TA,20,False
2026-10-01,Plagiarism,Minor,MATH101,Instructor,14,False
2026-10-01,Cheating,Moderate,CS101,Administrator,16,True
2026-10-01,Unauthorized AI Use,Minor,PHYS101,Instructor,20,False
2026-10-01,Cheating,Moderate,PHYS101,Peer,11,False
2026-10-02,Plagiarism,Minor,PHYS101,Peer,29,True
2026-10-02,Cheating,Minor,PHYS101,Peer,14,False
2026-10-02,Cheating,Moderate,CS101,Instructor,10,False
2026-10-02,Unauthorized AI Use,Moderate,CS201,Administrator,13,False
2026-10-02,Plagiarism,Minor,MATH101,Administrator,17,False
2026-10-02,Cheating,Moderate,PHYS101,Administrator,10,False
2026-10-02,Fabrication,Moderate,CS101,TA,19,False
2026-10-02,Unauthorized AI Use,Moderate,PHYS101,TA,14,False
2026-10-02,Fabrication,Major,MATH101,Instructor,22,False
2026-10-03,Unauthorized AI Use,Moderate,ENG101,Instructor,13,False
2026-10-03,Cheating,Moderate,PHYS101,TA,16,True
2026-10-03,Unauthorized AI Use,Major,CS101,Instructor,7,False
2026-10-04,Cheating,Moderate,ENG101,Administrator,15,False
2026-10-04,Unauthorized AI Use,Minor,MATH101,TA,16,False
2026-10-04,Plagiarism,Major,CS101,Peer,14,False
2026-10-04,Cheating,Moderate,CS101,Instructor,19,False
2026-10-04,Cheating,Moderate,CS201,Administrator,11,False
2026-10-04,Unauthorized AI Use,Moderate,CS101,Instructor,18,False
2026-10-04,Fabrication,Moderate,ENG101,Administrator,18,False
2026-10-04,Unauthorized AI Use,Minor,CS201,Peer,10,False
2026-10-04,Unauthorized AI Use,Minor,PHYS101,TA,19,False
2026-10-04,Unauthorized AI Use,Moderate,PHYS101,TA,16,False
2026-10-05,Plagiarism,Minor,PHYS101,Peer,9,False
2026-10-05,Unauthorized AI Use,Minor,CS201,Instructor,16,False
2026-10-05,Cheating,Moderate,CS201,TA,17,False
2026-10-05,Plagiarism,Moderate,CS201,Instructor,17,True
2026-10-05,Cheating,Major,ENG101,Instructor,13,False
2026-10-05,Plagiarism,Moderate,CS101,Peer,20,False
2026-10-05,Unauthorized AI Use,Moderate,CS101,Peer,14,False
2026-10-05,Unauthorized AI Use,Major,CS101,Administrator,15,False
2026-10-05,Facilitation,Minor,ENG101,Administrator,11,True
2026-10-05,Plagiarism,Major,CS101,Administrator,5,False
2026-10-06,Plagiarism,Minor,CS201,Administrator,12,False
2026-10-06,Cheating,Major,CS101,Administrator,9,False
2026-10-06,Unauthorized AI Use,Minor,CS101,Instructor,20,False
2026-10-06,Fabrication,Minor,MATH101,Instructor,19,False
2026-10-06,Plagiarism,Moderate,CS101,Administrator,19,False
2026-10-06,Unauthorized AI Use,Major,MATH101,Instructor,21,False
2026-10-06,Fabrication,Major,PHYS101,Administrator,14,False
2026-10-06,Cheating,Minor,PHYS101,Instructor,11,False
2026-10-06,Fabrication,Major,CS201,Peer,12,False
2026-10-06,Cheating,Moderate,MATH101,Peer,15,False
2026-10-07,Cheating,Moderate,MATH101,TA,17,True
2026-10-07,Cheating,Moderate,MATH101,Administrator,12,True
2026-10-07,Cheating,Minor,MATH101,Peer,15,False
2026-10-07,Unauthorized AI Use,Minor,MATH101,Peer,13,False
2026-10-07,Cheating,Major,CS201,Administrator,17,False
2026-10-07,Cheating,Major,ENG101,Peer,13,False
2026-10-07,Cheating,Major,PHYS101,Administrator,20,False
2026-10-07,Unauthorized AI Use,Minor,PHYS101,TA,17,False
2026-10-07,Fabrication,Moderate,CS201,TA,18,False
2026-10-07,Cheating,Major,ENG101,Instructor,17,False
2026-10-08,Plagiarism,Moderate,CS101,TA,14,False
2026-10-08,Fabrication,Moderate,PHYS101,Administrator,10,False
2026-10-08,Fabrication,Minor,MATH101,Peer,18,False
2026-10-08,Plagiarism,Moderate,PHYS101,Peer,10,False
2026-10-08,Plagiarism,Minor,CS201,Instructor,19,False
2026-10-08,Fabrication,Minor,MATH101,Administrator,9,False
2026-10-09,Fabrication,Moderate,CS101,Peer,15,False
2026-10-09,Plagiarism,Major,MATH101,TA,13,False
2026-10-09,Plagiarism,Moderate,CS201,Administrator,17,False
2026-10-09,Plagiarism,Minor,CS201,Instructor,13,True
2026-10-09,Plagiarism,Minor,PHYS101,Administrator,13,False
2026-10-10,Plagiarism,Moderate,MATH101,TA,22,False
2026-10-10,Fabrication,Minor,PHYS101,TA,16,True
2026-10-10,Fabrication,Moderate,ENG101,Administrator,18,False
2026-10-10,Unauthorized AI Use,Minor,MATH101,TA,21,False
2026-10-10,Fabrication,Moderate,MATH101,Peer,15,False
2026-10-10,Unauthorized AI Use,Moderate,CS101,Administrator,12,False
2026-10-10,Cheating,Moderate,CS201,Administrator,13,False
2026-10-11,Cheating,Moderate,PHYS101,Peer,13,False
2026-10-11,Cheating,Moderate,CS201,Administrator,14,True
2026-10-11,Unauthorized AI Use,Major,PHYS101,TA,11,True
2026-10-11,Plagiarism,Minor,ENG101,Peer,17,False
2026-10-11,Unauthorized AI Use,Moderate,MATH101,TA,15,False
2026-10-11,Unauthorized AI Use,Minor,PHYS101,TA,17,False
2026-10-11,Unauthorized AI Use,Major,MATH101,Administrator,16,False
2026-10-11,Fabrication,Minor,PHYS101,Administrator,18,False
2026-10-11,Cheating,Moderate,MATH101,TA,18,False
2026-10-11,Facilitation,Major,CS201,Administrator,26,False
2026-10-11,Plagiarism,Major,MATH101,TA,14,False
2026-10-11,Facilitation,Major,MATH101,Instructor,12,False
2026-10-11,Fabrication,Major,CS201,Instructor,20,False
2026-10-12,Unauthorized AI Use,Moderate,CS201,TA,14,False
2026-10-12,Fabrication,Moderate,CS201,Instructor,12,False
2026-10-12,Plagiarism,Major,PHYS101,Administrator,14,False
2026-10-12,Plagiarism,Moderate,CS101,TA,13,True
2026-10-12,Fabrication,Moderate,CS101,TA,14,False
2026-10-12,Plagiarism,Moderate,PHYS101,Instructor,11,False
2026-10-12,Cheating,Moderate,ENG101,Administrator,18,True
2026-10-12,Unauthorized AI Use,Major,PHYS101,TA,15,False
2026-10-12,Unauthorized AI Use,Major,MATH101,TA,23,False
2026-10-12,Cheating,Major,ENG101,Instructor,12,False
2026-10-12,Cheating,Moderate,PHYS101,Administrator,16,False
2026-10-12,Plagiarism,Major,CS201,Instructor,20,False
2026-10-12,Cheating,Moderate,ENG101,Administrator,18,False
2026-10-12,Cheating,Minor,CS201,Administrator,10,False
2026-10-12,Unauthorized AI Use,Minor,CS201,Instructor,9,False
2026-10-13,Unauthorized AI Use,Minor,CS201,Peer,12,False
2026-10-13,Cheating,Minor,CS201,Administrator,15,False
2026-10-13,Unauthorized AI Use,Major,PHYS101,Administrator,16,False
2026-10-13,Unauthorized AI Use,Moderate,PHYS101,Administrator,20,False
2026-10-13,Unauthorized AI Use,Major,PHYS101,Administrator,16,False
2026-10-13,Facilitation,Moderate,MATH101,TA,17,False
2026-10-13,Unauthorized AI Use,Minor,MATH101,Instructor,18,False
2026-10-13,Plagiarism,Major,CS201,TA,20,False
2026-10-13,Fabrication,Minor,CS201,Peer,12,False
2026-10-13,Facilitation,Major,CS101,TA,20,False
2026-10-13,Plagiarism,Major,ENG101,TA,15,False
2026-10-14,Plagiarism,Minor,CS101,TA,12,False
2026-10-14,Plagiarism,Moderate,MATH101,TA,12,False
2026-10-14,Unauthorized AI Use,Moderate,MATH101,Peer,9,False
2026-10-14,Plagiarism,Major,PHYS101,TA,11,False
2026-10-15,Unauthorized AI Use,Moderate,ENG101,Administrator,21,False
2026-10-15,Unauthorized AI Use,Moderate,MATH101,Peer,8,False
2026-10-15,Unauthorized AI Use,Minor,CS201,Peer,15,False
2026-10-15,Cheating,Moderate,MATH101,TA,24,False
2026-10-15,Facilitation,Moderate,CS101,Administrator,16,False
2026-10-15,Cheating,Moderate,MATH101,TA,11,False
2026-10-15,Unauthorized AI Use,Major,ENG101,Peer,13,False
2026-10-15,Unauthorized AI Use,Minor,PHYS101,Peer,13,False
2026-10-15,Cheating,Moderate,ENG101,Administrator,16,False
2026-10-16,Plagiarism,Minor,ENG101,Instructor,19,False
2026-10-16,Facilitation,Minor,MATH101,TA,14,False
2026-10-16,Plagiarism,Major,MATH101,Administrator,20,False
2026-10-16,Plagiarism,Moderate,MATH101,TA,16,False
2026-10-16,Plagiarism,Major,CS101,Peer,13,False
2026-10-16,Unauthorized AI Use,Minor,CS101,TA,13,False
2026-10-16,Unauthorized AI Use,Moderate,ENG101,Peer,15,False
2026-10-16,Cheating,Moderate,MATH101,Instructor,14,False
2026-10-16,Plagiarism,Major,PHYS101,TA,16,False
2026-10-17,Plagiarism,Major,CS101,Instructor,16,False
2026-10-17,Cheating,Moderate,CS201,TA,15,False
2026-10-17,Cheating,Minor,CS201,Instructor,13,False
2026-10-17,Unauthorized AI Use,Major,CS201,Peer,16,False
2026-10-17,Cheating,Minor,CS201,Administrator,10,False
2026-10-17,Unauthorized AI Use,Major,PHYS101,Instructor,15,False
2026-10-17,Fabrication,Major,MATH101,Administrator,13,False
2026-10-17,Facilitation,Moderate,CS201,Peer,20,False
2026-10-18,Unauthorized AI Use,Moderate,MATH101,TA,12,False
2026-10-18,Cheating,Minor,PHYS101,Administrator,20,False
2026-10-18,Fabrication,Major,CS101,TA,19,False
2026-10-18,Plagiarism,Minor,PHYS101,Administrator,13,False
2026-10-18,Fabrication,Minor,ENG101,Peer,20,False
2026-10-18,Plagiarism,Minor,PHYS101,Instructor,11,True
2026-10-18,Facilitation,Minor,MATH101,TA,11,False
2026-10-18,Plagiarism,Moderate,CS201,Administrator,10,False
2026-10-18,Unauthorized AI Use,Moderate,CS201,Peer,11,False
2026-10-19,Unauthorized AI Use,Moderate,ENG101,Administrator,24,False
2026-10-19,Unauthorized AI Use,Minor,ENG101,Instructor,11,False
2026-10-19,Cheating,Major,PHYS101,TA,24,False
2026-10-19,Unauthorized AI Use,Moderate,MATH101,TA,22,False
2026-10-19,Cheating,Minor,PHYS101,Administrator,11,False
2026-10-19,Plagiarism,Minor,CS101,TA,15,False
2026-10-19,Cheating,Minor,CS201,TA,13,False
2026-10-19,Fabrication,Moderate,PHYS101,TA,6,False
2026-10-19,Plagiarism,Minor,ENG101,TA,12,False
2026-10-19,Unauthorized AI Use,Minor,PHYS101,TA,20,False
2026-10-20,Unauthorized AI Use,Moderate,PHYS101,Administrator,14,False
2026-10-20,Unauthorized AI Use,Minor,ENG101,Instructor,12,True
2026-10-20,Cheating,Minor,PHYS101,Instructor,17,False
2026-10-20,Plagiarism,Minor,ENG101,Instructor,18,True
2026-10-20,Fabrication,Moderate,MATH101,Administrator,14,False
2026-10-20,Facilitation,Major,CS201,Peer,13,False
2026-10-20,Fabrication,Moderate,CS101,TA,18,False
2026-10-21,Plagiarism,Major,MATH101,Administrator,19,False
2026-10-21,Cheating,Minor,CS201,Peer,14,False
2026-10-21,Fabrication,Moderate,CS201,Instructor,13,False
2026-10-21,Plagiarism,Minor,MATH101,TA,16,False
2026-10-21,Cheating,Moderate,CS201,Administrator,12,False
2026-10-21,Fabrication,Major,CS101,Administrator,10,False
2026-10-21,Fabrication,Major,ENG101,Peer,13,False
2026-10-22,Cheating,Moderate,ENG101,Peer,15,False
2026-10-22,Plagiarism,Major,CS201,Administrator,15,True
2026-10-22,Cheating,Major,PHYS101,Peer,16,True
2026-10-22,Facilitation,Moderate,ENG101,Administrator,9,False
2026-10-22,Fabrication,Major,CS201,TA,18,False
2026-10-22,Unauthorized AI Use,Moderate,ENG101,Administrator,14,False
2026-10-23,Fabrication,Minor,PHYS101,Administrator,13,False
2026-10-23,Plagiarism,Minor,ENG101,TA,23,False
2026-10-23,Cheating,Minor,MATH101,Peer,13,False
2026-10-23,Plagiarism,Major,CS101,Instructor,9,True
2026-10-23,Cheating,Major,CS101,Peer,12,False
2026-10-24,Fabrication,Moderate,CS101,Peer,16,False
2026-10-24,Cheating,Minor,ENG101,TA,14,False
2026-10-24,Fabrication,Moderate,CS101,Peer,11,False
2026-10-24,Fabrication,Minor,MATH101,Instructor,15,False
2026-10-24,Cheating,Minor,MATH101,Administrator,15,False
2026-10-24,Fabrication,Moderate,CS101,Peer,16,False
2026-10-24,Unauthorized AI Use,Moderate,CS201,TA,20,False
2026-10-25,Facilitation,Minor,PHYS101,TA,15,False
2026-10-25,Fabrication,Major,CS201,Administrator,12,False
2026-10-25,Plagiarism,Moderate,ENG101,Administrator,14,False
2026-10-25,Plagiarism,Moderate,CS101,Instructor,16,False
2026-10-26,Plagiarism,Major,ENG101,Peer,14,True
2026-10-26,Unauthorized AI Use,Major,MATH101,Instructor,12,False
2026-10-26,Cheating,Moderate,PHYS101,Instructor,14,True
2026-10-26,Plagiarism,Moderate,PHYS101,Peer,17,False
2026-10-26,Cheating,Major,PHYS101,Instructor,17,False
2026-10-26,Unauthorized AI Use,Moderate,MATH101,Peer,18,False
2026-10-26,Plagiarism,Major,ENG101,Administrator,21,True
2026-10-26,Cheating,Major,PHYS101,TA,16,False
2026-10-26,Facilitation,Major,CS201,Administrator,20,False
2026-10-27,Fabrication,Minor,PHYS101,Instructor,12,False
2026-10-27,Cheating,Moderate,PHYS101,Administrator,14,False
2026-10-27,Plagiarism,Moderate,PHYS101,Administrator,11,False
2026-10-27,Unauthorized AI Use,Major,ENG101,Administrator,15,False
2026-10-27,Fabrication,Minor,PHYS101,Instructor,21,True
2026-10-27,Plagiarism,Minor,CS201,Administrator,18,False
2026-10-27,Cheating,Moderate,ENG101,TA,14,False
2026-10-28,Fabrication,Major,PHYS101,Peer,19,True
2026-10-28,Cheating,Major,MATH101,Peer,11,False
2026-10-28,Unauthorized AI Use,Minor,ENG101,Administrator,15,False
2026-10-28,Facilitation,Moderate,CS101,Instructor,19,False
2026-10-28,Fabrication,Major,ENG101,Administrator,11,False
2026-10-29,Plagiarism,Moderate,CS201,Peer,14,False
2026-10-29,Plagiarism,Minor,PHYS101,Peer,18,True
2026-10-29,Cheating,Moderate,ENG101,TA,18,False
2026-10-29,Cheating,Major,MATH101,Peer,10,False
2026-10-30,Fabrication,Moderate,CS201,TA,15,False
2026-10-30,Cheating,Moderate,CS201,Instructor,17,True
2026-10-30,Plagiarism,Minor,PHYS101,TA,14,True
2026-10-30,Unauthorized AI Use,Moderate,ENG101,Instructor,21,False
2026-10-30,Plagiarism,Minor,CS201,Instructor,15,True
2026-10-30,Unauthorized AI Use,Moderate,MATH101,Peer,16,False
2026-10-30,Fabrication,Major,CS101,TA,17,False
2026-10-30,Plagiarism,Moderate,CS201,TA,11,False
2026-10-31,Unauthorized AI Use,Major,MATH101,Instructor,14,False
2026-10-31,Fabrication,Moderate,MATH101,TA,14,False
2026-10-31,Facilitation,Moderate,CS201,TA,11,False
2026-11-01,Plagiarism,Major,CS201,Peer,15,True
2026-11-01,Unauthorized AI Use,Minor,CS201,Peer,14,True
2026-11-02,Cheating,Major,ENG101,Instructor,14,False
2026-11-02,Plagiarism,Minor,ENG101,Instructor,23,False
2026-11-03,Fabrication,Minor,MATH101,Peer,13,True
2026-11-03,Cheating,Major,CS201,Instructor,19,False
2026-11-03,Plagiarism,Moderate,CS201,Instructor,17,False
2026-11-03,Plagiarism,Major,CS201,Administrator,13,False
2026-11-03,Plagiarism,Moderate,ENG101,Peer,18,False
2026-11-03,Facilitation,Minor,MATH101,TA,14,False
2026-11-04,Cheating,Moderate,MATH101,Peer,8,False
2026-11-04,Facilitation,Minor,CS201,Instructor,11,False
2026-11-04,Cheating,Minor,ENG101,Administrator,15,True
2026-11-04,Cheating,Minor,CS201,Administrator,13,True
2026-11-04,Cheating,Moderate,ENG101,Instructor,20,False
2026-11-04,Unauthorized AI Use,Major,CS201,Administrator,20,False
2026-11-04,Cheating,Moderate,CS201,Administrator,13,False
2026-11-05,Cheating,Major,CS201,Peer,17,False
2026-11-05,Fabrication,Major,CS101,Administrator,12,False
2026-11-05,Plagiarism,Minor,MATH101,TA,14,False
2026-11-05,Plagiarism,Major,CS201,Administrator,17,False
2026-11-05,Cheating,Minor,MATH101,Administrator,14,False
2026-11-06,Cheating,Minor,MATH101,Administrator,15,False
2026-11-06,Unauthorized AI Use,Major,PHYS101,Administrator,5,False
2026-11-06,Plagiarism,Moderate,CS201,Administrator,14,False
2026-11-06,Cheating,Minor,MATH101,TA,14,False
2026-11-06,Plagiarism,Minor,CS201,Instructor,13,False
2026-11-06,Plagiarism,Major,PHYS101,Administrator,6,False
2026-11-07,Plagiarism,Moderate,MATH101,Administrator,14,False
2026-11-07,Fabrication,Minor,PHYS101,Administrator,15,False
2026-11-07,Cheating,Moderate,PHYS101,Administrator,17,False
2026-11-07,Facilitation,Minor,CS201,TA,21,False
2026-11-07,Cheating,Moderate,CS101,Instructor,14,False
2026-11-08,Cheating,Minor,MATH101,Administrator,17,False
2026-11-08,Plagiarism,Minor,PHYS101,TA,14,False
2026-11-08,Cheating,Major,PHYS101,Instructor,22,False
2026-11-08,Plagiarism,Minor,CS201,Administrator,20,False
2026-11-08,Unauthorized AI Use,Major,PHYS101,Administrator,12,True
2026-11-08,Plagiarism,Major,MATH101,Instructor,13,False
2026-11-09,Plagiarism,Minor,MATH101,TA,12,False
2026-11-09,Unauthorized AI Use,Minor,PHYS101,Instructor,22,False
2026-11-09,Unauthorized AI Use,Major,CS201,Peer,19,False
2026-11-09,Fabrication,Moderate,ENG101,Instructor,15,False
2026-11-09,Plagiarism,Major,CS101,Peer,12,False
2026-11-09,Unauthorized AI Use,Moderate,CS101,TA,11,False
2026-11-09,Cheating,Major,CS101,Peer,10,False
2026-11-10,Cheating,Major,MATH101,Peer,11,False
2026-11-10,Facilitation,Minor,PHYS101,TA,15,False
2026-11-10,Plagiarism,Major,ENG101,Instructor,12,True
2026-11-10,Plagiarism,Moderate,MATH101,Peer,11,False
2026-11-11,Plagiarism,Minor,CS101,Peer,12,False
2026-11-11,Unauthorized AI Use,Minor,MATH101,Peer,12,False
2026-11-11,Facilitation,Major,MATH101,Instructor,19,False
2026-11-11,Cheating,Minor,PHYS101,TA,11,False
2026-11-11,Cheating,Minor,CS201,TA,16,False
2026-11-11,Fabrication,Major,ENG101,Instructor,22,True
2026-11-11,Cheating,Moderate,CS101,Peer,13,True
2026-11-12,Unauthorized AI Use,Minor,CS101,TA,15,False
2026-11-12,Plagiarism,Moderate,CS101,TA,16,False
2026-11-12,Cheating,Moderate,CS201,TA,18,False
2026-11-13,Cheating,Major,CS101,Instructor,17,False
2026-11-13,Unauthorized AI Use,Major,ENG101,Administrator,18,False
2026-11-13,Fabrication,Minor,PHYS101,Administrator,19,False
2026-11-13,Unauthorized AI Use,Minor,CS201,TA,18,False
2026-11-13,Facilitation,Moderate,CS101,Instructor,15,False
2026-11-13,Cheating,Major,MATH101,Administrator,12,False
2026-11-13,Plagiarism,Major,ENG101,Instructor,15,False
2026-11-14,Cheating,Moderate,CS201,TA,13,True
2026-11-14,Plagiarism,Moderate,CS201,Instructor,11,False
2026-11-14,Cheating,Minor,CS101,TA,20,False
2026-11-14,Fabrication,Minor,CS101,Peer,15,False
2026-11-14,Fabrication,Moderate,ENG101,Peer,14,True
2026-11-14,Plagiarism,Moderate,ENG101,TA,21,True
2026-11-15,Facilitation,Minor,MATH101,Peer,16,False
2026-11-15,Cheating,Major,PHYS101,Administrator,20,True
2026-11-15,Cheating,Moderate,PHYS101,Peer,5,False
2026-11-15,Plagiarism,Moderate,PHYS101,TA,12,False
2026-11-15,Cheating,Major,MATH101,Peer,16,False
2026-11-15,Unauthorized AI Use,Moderate,CS201,Instructor,12,True
2026-11-15,Unauthorized AI Use,Moderate,PHYS101,Peer,14,False
2026-11-15,Cheating,Minor,PHYS101,TA,14,False
2026-11-16,Fabrication,Minor,PHYS101,Administrator,10,False
2026-11-16,Cheating,Major,PHYS101,TA,15,False
2026-11-16,Fabrication,Major,ENG101,Peer,14,False
2026-11-16,Cheating,Moderate,PHYS101,Instructor,10,False
2026-11-16,Plagiarism,Major,PHYS101,Peer,14,True
2026-11-16,Facilitation,Moderate,MATH101,Instructor,15,False
2026-11-16,Plagiarism,Moderate,CS201,Administrator,15,False
2026-11-16,Unauthorized AI Use,Major,CS101,TA,19,False
2026-11-16,Cheating,Moderate,ENG101,Peer,9,False
2026-11-17,Fabrication,Major,ENG101,TA,12,False
2026-11-17,Fabrication,Minor,CS201,Peer,15,False
2026-11-17,Cheating,Minor,PHYS101,Administrator,14,False
2026-11-17,Unauthorized AI Use,Moderate,CS101,Peer,11,False
2026-11-17,Unauthorized AI Use,Moderate,MATH101,TA,9,False
2026-11-17,Fabrication,Major,CS201,Instructor,17,False
2026-11-18,Cheating,Minor,PHYS101,Peer,23,False
2026-11-18,Cheating,Minor,MATH101,Instructor,13,False
2026-11-18,Unauthorized AI Use,Minor,MATH101,Peer,14,False
2026-11-18,Facilitation,Major,MATH101,Peer,19,False
2026-11-18,Plagiarism,Moderate,MATH101,Peer,19,False
2026-11-18,Cheating,Minor,CS201,Administrator,18,False
2026-11-18,Plagiarism,Minor,CS101,Instructor,18,True
2026-11-18,Plagiarism,Major,ENG101,Peer,13,False
2026-11-18,Facilitation,Minor,PHYS101,Administrator,12,False
2026-11-18,Facilitation,Major,PHYS101,Administrator,9,False
2026-11-19,Cheating,Moderate,CS101,Instructor,17,False
2026-11-19,Unauthorized AI Use,Major,CS101,Administrator,12,False
2026-11-19,Unauthorized AI Use,Minor,MATH101,Instructor,15,True
2026-11-19,Plagiarism,Moderate,MATH101,Peer,16,False
2026-11-19,Plagiarism,Minor,CS201,Administrator,15,False
2026-11-20,Cheating,Minor,MATH101,Peer,15,False
2026-11-20,Cheating,Minor,CS201,Administrator,12,False
2026-11-20,Facilitation,Major,CS101,Administrator,12,True
2026-11-20,Plagiarism,Minor,CS101,Administrator,17,False
2026-11-20,Cheating,Moderate,PHYS101,Instructor,9,False
2026-11-20,Plagiarism,Major,PHYS101,Peer,16,False
2026-11-21,Unauthorized AI Use,Major,PHYS101,Instructor,10,False
2026-11-21,Fabrication,Moderate,CS101,Peer,11,False
2026-11-21,Fabrication,Major,MATH101,Instructor,21,False
2026-11-21,Cheating,Major,PHYS101,Instructor,17,False
2026-11-21,Facilitation,Moderate,MATH101,Peer,6,False
2026-11-21,Plagiarism,Moderate,MATH101,Administrator,11,True
2026-11-21,Cheating,Minor,MATH101,Administrator,19,False
2026-11-21,Cheating,Major,CS101,TA,17,False
2026-11-21,Unauthorized AI Use,Major,CS201,Instructor,14,False
2026-11-21,Plagiarism,Minor,PHYS101,Administrator,14,False
2026-11-22,Fabrication,Moderate,PHYS101,Administrator,14,False
2026-11-22,Fabrication,Moderate,CS101,Instructor,15,False
2026-11-23,Facilitation,Moderate,PHYS101,Instructor,13,False
2026-11-23,Plagiarism,Major,MATH101,Instructor,12,False
2026-11-23,Plagiarism,Moderate,CS201,Administrator,19,False
2026-11-23,Cheating,Moderate,CS201,Instructor,18,True
2026-11-23,Cheating,Moderate,MATH101,Instructor,19,False
2026-11-23,Plagiarism,Minor,ENG101,Instructor,12,False
2026-11-23,Unauthorized AI Use,Minor,PHYS101,Instructor,11,False
2026-11-24,Fabrication,Moderate,PHYS101,Administrator,16,False
2026-11-24,Fabrication,Major,ENG101,Instructor,17,False
2026-11-24,Fabrication,Minor,PHYS101,Instructor,12,True
2026-11-24,Plagiarism,Moderate,CS101,Peer,10,False
2026-11-24,Cheating,Major,ENG101,Administrator,19,False
2026-11-24,Facilitation,Minor,ENG101,Peer,13,False
2026-11-24,Cheating,Moderate,MATH101,TA,17,True
2026-11-24,Cheating,Major,ENG101,TA,14,False
2026-11-25,Cheating,Minor,CS101,Instructor,16,True
2026-11-25,Cheating,Moderate,ENG101,TA,15,True
2026-11-25,Plagiarism,Major,CS101,Instructor,13,False
2026-11-25,Facilitation,Minor,PHYS101,TA,7,False
2026-11-25,Unauthorized AI Use,Major,PHYS101,Instructor,16,False
2026-11-25,Plagiarism,Moderate,PHYS101,Peer,19,False
2026-11-26,Fabrication,Major,MATH101,Peer,16,False
2026-11-26,Facilitation,Moderate,PHYS101,Peer,9,False
2026-11-26,Plagiarism,Minor,PHYS101,Administrator,8,False
2026-11-27,Unauthorized AI Use,Minor,MATH101,Instructor,20,False
2026-11-27,Plagiarism,Major,CS101,Administrator,11,False
2026-11-27,Plagiarism,Minor,CS101,TA,18,False
2026-11-27,Unauthorized AI Use,Minor,CS201,Administrator,10,False
2026-11-27,Fabrication,Minor,MATH101,Administrator,14,False
2026-11-27,Plagiarism,Major,CS101,Instructor,16,False
2026-11-28,Plagiarism,Major,MATH101,Instructor,16,True
2026-11-28,Plagiarism,Moderate,MATH101,Peer,15,False
2026-11-28,Cheating,Major,MATH101,Instructor,16,False
2026-11-28,Unauthorized AI Use,Minor,ENG101,Peer,15,False
2026-11-29,Plagiarism,Minor,CS101,Instructor,14,True
2026-11-29,Unauthorized AI Use,Minor,CS201,TA,18,True
2026-11-29,Unauthorized AI Use,Major,CS201,Peer,12,False
2026-11-29,Cheating,Moderate,ENG101,Peer,13,False
2026-11-29,Plagiarism,Minor,PHYS101,Administrator,9,False
2026-11-29,Fabrication,Major,CS201,Instructor,15,False
2026-11-30,Plagiarism,Moderate,ENG101,Administrator,20,False
2026-11-30,Fabrication,Minor,MATH101,Administrator,12,True
2026-11-30,Cheating,Major,CS101,TA,19,False
2026-11-30,Fabrication,Moderate,CS201,Instructor,19,False
2026-11-30,Plagiarism,Moderate,MATH101,Peer,11,False
2026-11-30,Plagiarism,Minor,CS101,Peer,16,True
2026-11-30,Cheating,Major,CS101,Instructor,14,True
2026-11-30,Cheating,Moderate,CS101,Instructor,14,False
2026-12-01,Plagiarism,Minor,CS201,Peer,11,False
2026-12-01,Plagiarism,Minor,PHYS101,Administrator,9,False
2026-12-01,Unauthorized AI Use,Moderate,MATH101,Administrator,13,False
2026-12-01,Plagiarism,Major,PHYS101,Instructor,16,False
2026-12-01,Fabrication,Minor,CS101,Instructor,15,False
2026-12-01,Cheating,Moderate,MATH101,TA,13,False
2026-12-01,Facilitation,Major,CS101,Instructor,12,False
2026-12-02,Facilitation,Moderate,CS101,TA,14,False
2026-12-02,Cheating,Minor,CS201,Instructor,16,False
2026-12-02,Plagiarism,Major,PHYS101,Administrator,17,True
2026-12-02,Unauthorized AI Use,Moderate,MATH101,Peer,13,False
2026-12-02,Unauthorized AI Use,Minor,MATH101,Administrator,15,False
2026-12-02,Cheating,Moderate,MATH101,Administrator,12,False
2026-12-02,Plagiarism,Minor,ENG101,TA,15,False
2026-12-02,Plagiarism,Minor,CS101,Administrator,22,True
2026-12-03,Plagiarism,Minor,CS201,TA,17,False
2026-12-03,Unauthorized AI Use,Minor,ENG101,TA,15,False
2026-12-03,Cheating,Minor,CS101,Peer,12,False
2026-12-03,Plagiarism,Major,ENG101,Instructor,14,False
2026-12-03,Plagiarism,Major,MATH101,Instructor,24,False
2026-12-03,Unauthorized AI Use,Minor,PHYS101,TA,26,False
2026-12-03,Plagiarism,Moderate,CS201,Instructor,17,True
2026-12-03,Plagiarism,Moderate,PHYS101,Administrator,11,False
2026-12-03,Facilitation,Major,CS201,TA,8,False
2026-12-03,Plagiarism,Moderate,MATH101,Peer,10,False
2026-12-04,Plagiarism,Minor,CS201,Peer,12,False
2026-12-04,Cheating,Major,CS201,Administrator,14,False
2026-12-04,Plagiarism,Minor,MATH101,Peer,18,False
2026-12-04,Plagiarism,Moderate,ENG101,TA,14,True
2026-12-05,Fabrication,Minor,PHYS101,Instructor,11,False
2026-12-05,Cheating,Major,CS201,Administrator,16,False
2026-12-05,Plagiarism,Minor,PHYS101,Peer,16,False
2026-12-05,Unauthorized AI Use,Major,ENG101,TA,23,False
2026-12-05,Unauthorized AI Use,Moderate,CS101,Administrator,8,False
2026-12-05,Cheating,Major,CS101,TA,13,False
2026-12-05,Cheating,Minor,PHYS101,Administrator,15,False
2026-12-05,Plagiarism,Minor,CS101,Administrator,18,False
2026-12-05,Cheating,Minor,CS101,Instructor,19,False
2026-12-06,Plagiarism,Major,MATH101,Instructor,14,False
2026-12-06,Plagiarism,Moderate,ENG101,Peer,18,False
2026-12-06,Unauthorized AI Use,Minor,ENG101,TA,11,False
2026-12-06,Facilitation,Moderate,MATH101,Peer,11,False
2026-12-07,Cheating,Minor,PHYS101,Administrator,10,False
2026-12-07,Plagiarism,Major,CS201,Instructor,12,False
2026-12-07,Facilitation,Major,MATH101,Instructor,14,True
2026-12-07,Unauthorized AI Use,Moderate,CS101,Instructor,11,False
2026-12-07,Unauthorized AI Use,Moderate,MATH101,Administrator,17,False
2026-12-07,Cheating,Moderate,CS201,Administrator,21,False
2026-12-07,Cheating,Major,CS201,Instructor,18,False
2026-12-07,Cheating,Moderate,PHYS101,Peer,17,False
2026-12-08,Facilitation,Minor,PHYS101,TA,14,False
2026-12-08,Cheating,Minor,PHYS101,Peer,18,False
2026-12-08,Plagiarism,Minor,CS101,Administrator,18,False
2026-12-08,Fabrication,Minor,PHYS101,Peer,16,False
2026-12-08,Unauthorized AI Use,Moderate,MATH101,Instructor,24,False
2026-12-08,Unauthorized AI Use,Major,CS201,Peer,13,False
2026-12-08,Plagiarism,Moderate,ENG101,TA,11,False
2026-12-09,Cheating,Major,MATH101,Administrator,21,False
2026-12-09,Plagiarism,Moderate,MATH101,TA,16,True
2026-12-09,Cheating,Minor,PHYS101,Peer,12,False
2026-12-09,Plagiarism,Major,CS201,TA,13,False
2026-12-09,Unauthorized AI Use,Major,CS101,Administrator,16,False
2026-12-09,Unauthorized AI Use,Major,MATH101,Instructor,17,False
2026-12-10,Unauthorized AI Use,Moderate,PHYS101,Peer,14,False
2026-12-10,Plagiarism,Minor,MATH101,Instructor,14,False
2026-12-10,Plagiarism,Minor,CS101,Instructor,19,False
2026-12-10,Plagiarism,Minor,CS201,Peer,10,False
2026-12-11,Cheating,Major,MATH101,TA,20,True
2026-12-11,Unauthorized AI Use,Moderate,CS201,Peer,17,True
2026-12-11,Unauthorized AI Use,Major,CS101,Administrator,15,False
2026-12-11,Plagiarism,Major,CS201,Instructor,10,False
2026-12-12,Fabrication,Moderate,MATH101,TA,8,False
2026-12-12,Cheating,Moderate,PHYS101,Instructor,19,False
2026-12-12,Plagiarism,Moderate,PHYS101,Peer,14,False
2026-12-12,Unauthorized AI Use,Moderate,PHYS101,Instructor,13,False
2026-12-12,Fabrication,Major,CS101,TA,13,True
2026-12-12,Unauthorized AI Use,Moderate,PHYS101,TA,14,False
2026-12-12,Plagiarism,Moderate,MATH101,TA,14,False
2026-12-13,Plagiarism,Major,CS201,Peer,9,False
2026-12-13,Fabrication,Moderate,CS101,TA,18,True
2026-12-13,Cheating,Moderate,PHYS101,Peer,17,False
2026-12-13,Cheating,Moderate,ENG101,Instructor,16,True
2026-12-13,Unauthorized AI Use,Moderate,CS101,Peer,19,False
2026-12-13,Unauthorized AI Use,Minor,ENG101,Administrator,18,False
2026-12-14,Facilitation,Moderate,MATH101,Administrator,18,False
2026-12-14,Cheating,Minor,MATH101,Peer,14,False
2026-12-14,Fabrication,Moderate,PHYS101,Peer,17,False
2026-12-14,Facilitation,Moderate,ENG101,Instructor,13,False
2026-12-14,Cheating,Moderate,CS201,Peer,15,False
2026-12-15,Plagiarism,Minor,ENG101,Peer,13,True
2026-12-15,Cheating,Minor,ENG101,Administrator,17,False
2026-12-15,Cheating,Major,CS101,TA,22,False
2026-12-15,Cheating,Minor,PHYS101,TA,15,False
2026-12-16,Plagiarism,Minor,MATH101,Peer,15,False
2026-12-16,Facilitation,Minor,MATH101,Instructor,13,False
2026-12-16,Plagiarism,Minor,PHYS101,Instructor,17,False
2026-12-16,Unauthorized AI Use,Minor,CS201,TA,14,False
2026-12-16,Fabrication,Minor,PHYS101,TA,17,False
2026-12-16,Plagiarism,Major,ENG101,Administrator,16,False
2026-12-16,Plagiarism,Minor,PHYS101,TA,13,False
2026-12-17,Cheating,Moderate,ENG101,Peer,14,False
2026-12-17,Cheating,Major,PHYS101,Instructor,11,True
2026-12-17,Plagiarism,Moderate,MATH101,Peer,18,True
2026-12-17,Plagiarism,Major,ENG101,Peer,15,False
2026-12-18,Fabrication,Major,MATH101,Instructor,16,False
2026-12-18,Plagiarism,Moderate,ENG101,Administrator,17,False
2026-12-18,Plagiarism,Major,PHYS101,TA,20,False
2026-12-18,Fabrication,Minor,CS201,Administrator,13,False
2026-12-18,Plagiarism,Major,ENG101,TA,22,False
2026-12-18,Unauthorized AI Use,Major,CS201,Peer,16,False
2026-12-18,Fabrication,Moderate,CS201,Peer,13,True
2026-12-18,Unauthorized AI Use,Minor,ENG101,Administrator,23,False
2026-12-18,Cheating,Minor,MATH101,Instructor,14,False
2026-12-18,Cheating,Minor,CS101,Peer,15,False
2026-12-18,Plagiarism,Major,PHYS101,TA,15,False
2026-12-19,Unauthorized AI Use,Major,PHYS101,TA,10,False
2026-12-19,Fabrication,Moderate,ENG101,TA,22,False
2026-12-19,Unauthorized AI Use,Major,CS101,Instructor,12,False
2026-12-19,Facilitation,Moderate,PHYS101,TA,15,False
2026-12-19,Unauthorized AI Use,Moderate,CS201,Peer,22,False
2026-12-19,Cheating,Moderate,ENG101,Peer,10,False
2026-12-19,Cheating,Moderate,CS101,Peer,18,True
2026-12-20,Plagiarism,Moderate,CS201,Instructor,15,False
2026-12-20,Facilitation,Moderate,PHYS101,Peer,19,False
2026-12-20,Unauthorized AI Use,Moderate,CS201,Instructor,21,False
2026-12-20,Unauthorized AI Use,Moderate,ENG101,Administrator,15,False
2026-12-20,Facilitation,Major,ENG101,Administrator,16,True
2026-12-21,Plagiarism,Minor,MATH101,TA,11,False
2026-12-21,Plagiarism,Moderate,CS101,Administrator,12,False
2026-12-21,Plagiarism,Minor,PHYS101,Administrator,17,False
2026-12-21,Cheating,Minor,ENG101,Peer,9,False
2026-12-21,Unauthorized AI Use,Minor,CS201,Instructor,16,False
2026-12-21,Cheating,Minor,ENG101,Administrator,13,False
2026-12-21,Plagiarism,Minor,PHYS101,Peer,12,False
2026-12-21,Fabrication,Major,ENG101,TA,18,False
2026-12-22,Fabrication,Moderate,PHYS101,Peer,14,False
2026-12-22,Plagiarism,Moderate,MATH101,Administrator,15,False
2026-12-22,Plagiarism,Major,CS201,Instructor,10,False
2026-12-22,Unauthorized AI Use,Major,CS201,Administrator,14,True
2026-12-22,Plagiarism,Major,ENG101,Instructor,8,False
2026-12-22,Facilitation,Moderate,PHYS101,Peer,15,False
2026-12-23,Plagiarism,Major,CS101,Instructor,18,True
2026-12-23,Plagiarism,Moderate,CS101,Peer,11,False
2026-12-23,Facilitation,Minor,CS201,TA,13,True
2026-12-23,Fabrication,Major,ENG101,Administrator,17,False
2026-12-23,Plagiarism,Moderate,ENG101,Peer,13,False
2026-12-23,Cheating,Moderate,MATH101,Administrator,15,False
2026-12-23,Cheating,Minor,ENG101,Instructor,21,False
2026-12-24,Unauthorized AI Use,Major,PHYS101,TA,11,False
2026-12-24,Plagiarism,Major,CS101,TA,15,False
2026-12-24,Facilitation,Moderate,MATH101,Administrator,16,True
2026-12-24,Cheating,Moderate,PHYS101,Peer,11,False
2026-12-25,Cheating,Major,MATH101,Instructor,13,False
2026-12-25,Plagiarism,Minor,ENG101,Administrator,18,True
2026-12-25,Fabrication,Major,MATH101,TA,9,False
2026-12-25,Plagiarism,Moderate,CS201,Administrator,13,True
2026-12-25,Cheating,Minor,CS101,Administrator,18,False
2026-12-25,Cheating,Minor,CS201,TA,7,True
2026-12-26,Cheating,Major,PHYS101,Instructor,12,False
2026-12-26,Cheating,Minor,ENG101,TA,12,True
2026-12-26,Unauthorized AI Use,Major,ENG101,Administrator,15,False
2026-12-26,Plagiarism,Minor,PHYS101,Instructor,19,False
2026-12-27,Fabrication,Minor,CS101,Instructor,16,False
2026-12-27,Cheating,Moderate,CS101,TA,14,False
2026-12-27,Facilitation,Moderate,MATH101,TA,17,False
2026-12-27,Plagiarism,Major,CS101,Instructor,18,False
2026-12-27,Cheating,Major,CS101,Instructor,19,False
2026-12-27,Plagiarism,Moderate,ENG101,Instructor,16,False
2026-12-27,Unauthorized AI Use,Moderate,MATH101,Administrator,22,False
2026-12-27,Fabrication,Moderate,ENG101,Instructor,11,False
2026-12-28,Fabrication,Major,CS201,Administrator,8,False
2026-12-28,Fabrication,Minor,PHYS101,Peer,11,False
2026-12-28,Plagiarism,Moderate,PHYS101,TA,12,False
2026-12-28,Unauthorized AI Use,Minor,ENG101,Instructor,17,False
2026-12-28,Cheating,Major,CS101,TA,19,False
2026-12-28,Unauthorized AI Use,Major,CS201,Instructor,13,False
2026-12-28,Unauthorized AI Use,Moderate,MATH101,Administrator,22,True
2026-12-29,Unauthorized AI Use,Major,PHYS101,Peer,17,False
2026-12-29,Plagiarism,Minor,ENG101,Peer,19,False
2026-12-29,Cheating,Minor,CS101,TA,15,False
2026-12-29,Cheating,Major,MATH101,Administrator,9,True
2026-12-29,Plagiarism,Moderate,MATH101,Peer,12,False
2026-12-29,Unauthorized AI Use,Moderate,CS201,Peer,14,False
2026-12-30,Plagiarism,Moderate,CS101,TA,14,False
2026-12-30,Cheating,Moderate,PHYS101,Peer,16,False
2026-12-30,Facilitation,Minor,CS201,TA,9,False
2026-12-30,Unauthorized AI Use,Minor,PHYS101,Peer,16,False
2026-12-30,Plagiarism,Major,ENG101,Instructor,13,True
2026-12-30,Cheating,Moderate,CS201,Administrator,13,False
2026-12-30,Fabrication,Moderate,CS201,Administrator,21,False
2026-12-30,Plagiarism,Minor,CS201,Administrator,14,False
2026-12-30,Facilitation,Moderate,PHYS101,TA,11,False
2026-12-31,Facilitation,Moderate,CS101,Administrator,11,False
2026-12-31,Cheating,Major,PHYS101,Peer,13,False
2026-12-31,Cheating,Minor,ENG101,Administrator,17,False
2026-12-31,Plagiarism,Major,ENG101,Peer,16,False
2026-12-31,Unauthorized AI Use,Minor,MATH101,Instructor,20,False
